File	Time (s)	Graph Size	Kernel Size	k	Clusters	Recursive Steps	Packing Size (LB)	MinCut (LB)	Splittance (UB)	Heuristic (UB)	Labeled Vertices
../test_instances/final/33_50/cog_10_435.dimacs	0.00	10	0	0	5	0	0	0	0	0	0	2	true	1	1	1
../test_instances/final/33_50/cog_10_911.dimacs	0.00	10	9	2	4	6	1	1	2	2	3	2	true	1	1	1
../test_instances/final/33_50/cog_11_1859.dimacs	0.00	11	8	2	3	10	1	1	2	2	1	2	true	1	1	1
../test_instances/final/33_50/cog_11_2703.dimacs	0.00	11	9	2	3	7	1	1	2	2	1	2	true	1	1	1
../test_instances/final/33_50/cog_12_1072.dimacs	0.00	12	0	0	3	0	0	0	0	0	0	2	true	1	1	1
../test_instances/final/33_50/cog_12_1930.dimacs	0.00	12	0	0	5	0	0	0	0	0	0	2	true	1	1	1
../test_instances/final/33_50/cog_13_451.dimacs	0.00	13	0	0	5	0	0	0	0	0	0	2	true	1	1	1
../test_instances/final/33_50/cog_13_614.dimacs	0.00	13	0	3	3	0	1	3	3	3	0	2	true	1	1	1
../test_instances/final/33_50/cog_14_1144.dimacs	0.00	14	9	4	2	9	2	3	4	4	0	2	true	1	1	1
../test_instances/final/33_50/cog_14_401.dimacs	0.00	14	0	3	3	0	1	3	3	3	0	2	true	1	1	1
../test_instances/final/33_50/cog_15_342.dimacs	0.01	15	13	4	3	19	2	3	4	4	1	2	true	1	1	1
../test_instances/final/33_50/cog_15_955.dimacs	0.00	15	0	1	4	0	1	1	1	1	0	2	true	1	1	1
../test_instances/final/33_50/cog_16_1457.dimacs	0.00	16	0	0	4	0	0	0	0	0	0	2	true	1	1	1
../test_instances/final/33_50/cog_16_3052.dimacs	0.01	16	16	5	3	54	3	3	13	5	0	2	true	1	1	1
../test_instances/final/33_50/cog_17_1386.dimacs	0.00	17	0	1	4	0	1	1	1	1	0	2	true	1	1	1
../test_instances/final/33_50/cog_17_3926.dimacs	0.01	17	16	5	4	58	3	3	8	5	1	2	true	1	1	1
../test_instances/final/33_50/cog_18_1804.dimacs	0.00	18	0	3	4	0	2	3	3	3	0	2	true	1	1	1
../test_instances/final/33_50/cog_18_2686.dimacs	0.00	18	13	2	3	0	2	1	2	2	0	2	true	1	1	1
../test_instances/final/33_50/cog_19_3088.dimacs	0.00	19	0	2	5	0	2	2	2	2	0	2	true	1	1	1
../test_instances/final/33_50/cog_19_484.dimacs	0.04	19	15	9	6	621	3	6	9	9	1	2	true	1	1	1
../test_instances/final/33_50/cog_20_1892.dimacs	0.00	20	15	2	5	0	1	2	3	2	0	2	true	1	1	1
../test_instances/final/33_50/cog_20_2439.dimacs	815.75	20	20	15	2	11653695	4	5	16	15	1	2	true	1	1	1
../test_instances/final/33_50/cog_21_2640.dimacs	0.00	21	16	4	3	0	1	4	23	4	0	2	true	1	1	1
../test_instances/final/33_50/cog_21_690.dimacs	0.00	21	0	1	5	0	1	1	1	1	0	2	true	1	1	1
../test_instances/final/33_50/cog_22_2105.dimacs	1012.92	22	18	17	3	16187752	4	6	17	17	1	2	true	1	1	1
../test_instances/final/33_50/cog_22_3925.dimacs	0.01	22	19	2	6	10	1	1	13	2	2	2	true	1	1	1
../test_instances/final/33_50/cog_23_646.dimacs	3600.00	23	23	unsolved	0	40342250	5	9	29	19	0	2	true	1	1	1
../test_instances/final/33_50/cog_23_81.dimacs	0.02	23	21	7	4	67	2	5	21	7	0	2	true	1	1	1
../test_instances/final/33_50/cog_24_1073.dimacs	0.00	24	0	1	5	0	1	1	1	1	0	2	true	1	1	1
../test_instances/final/33_50/cog_24_1679.dimacs	5.35	24	20	12	6	86714	4	4	15	12	0	2	true	1	1	1
../test_instances/final/33_50/cog_25_296.dimacs	0.00	25	0	3	5	0	1	3	3	3	0	2	true	1	1	1
../test_instances/final/33_50/cog_25_84.dimacs	0.00	25	11	2	3	0	2	1	10	2	0	2	true	1	1	1
../test_instances/final/33_50/cog_26_1505.dimacs	310.57	26	20	17	4	2981491	5	8	17	17	0	2	true	1	1	1
../test_instances/final/33_50/cog_26_3628.dimacs	0.02	26	18	6	3	199	2	3	8	6	0	2	true	1	1	1
../test_instances/final/33_50/cog_27_1330.dimacs	3600.00	27	27	unsolved	0	29399677	4	12	41	28	1	2	true	1	1	1
../test_instances/final/33_50/cog_27_2415.dimacs	0.22	27	20	8	5	3691	2	3	10	8	0	2	true	1	1	1
../test_instances/final/33_50/cog_28_1688.dimacs	370.85	28	28	16	3	2324428	3	8	45	16	0	2	true	1	1	1
../test_instances/final/33_50/cog_28_261.dimacs	0.01	28	20	6	3	39	3	4	6	6	1	2	true	1	1	1
../test_instances/final/33_50/cog_29_320.dimacs	126.23	29	25	14	6	1403397	3	4	19	14	0	2	true	1	1	1
../test_instances/final/33_50/cog_29_953.dimacs	81.57	29	28	14	4	807366	5	6	55	14	1	2	true	1	1	1
../test_instances/final/33_50/cog_30_1047.dimacs	0.07	30	26	8	6	771	4	4	13	8	4	2	true	1	1	1
../test_instances/final/33_50/cog_30_416.dimacs	3600.00	30	29	unsolved	0	20787056	7	11	32	32	1	2	true	1	1	1
../test_instances/final/33_50/cog_31_1602.dimacs	5.11	31	25	14	3	47475	3	8	33	14	1	2	true	1	1	1
../test_instances/final/33_50/cog_31_23.dimacs	3600.00	31	31	unsolved	0	19327763	7	8	36	35	0	2	true	1	1	1
../test_instances/final/33_50/cog_32_1124.dimacs	0.18	32	23	12	8	2276	2	9	12	12	1	2	true	1	1	1
../test_instances/final/33_50/cog_32_1344.dimacs	3600.00	32	30	unsolved	0	17972409	7	8	31	31	1	2	true	1	1	1
../test_instances/final/33_50/cog_33_1094.dimacs	3600.00	33	33	unsolved	0	15890970	7	8	49	48	1	2	true	1	1	1
../test_instances/final/33_50/cog_33_1673.dimacs	4.92	33	31	12	5	40750	3	5	49	12	0	2	true	1	1	1
../test_instances/final/33_50/cog_34_222.dimacs	3600.00	34	34	unsolved	0	12725151	7	10	45	43	3	2	true	1	1	1
../test_instances/final/33_50/cog_34_3576.dimacs	0.06	34	24	7	11	615	2	3	7	7	1	2	true	1	1	1
../test_instances/final/33_50/cog_35_1137.dimacs	0.00	35	23	2	12	0	1	2	3	2	0	2	true	1	1	1
../test_instances/final/33_50/cog_35_691.dimacs	3600.00	35	33	unsolved	0	15420048	6	7	33	29	1	2	true	1	1	1
../test_instances/final/33_50/cog_36_2275.dimacs	3600.00	36	34	unsolved	0	21796906	7	11	28	21	2	2	true	1	1	1
../test_instances/final/33_50/cog_36_71.dimacs	3600.00	36	31	unsolved	0	20789725	5	9	28	22	2	2	true	1	1	1
../test_instances/final/33_50/cog_37_1715.dimacs	3600.00	37	34	unsolved	0	12088437	8	8	46	37	0	2	true	1	1	1
../test_instances/final/33_50/cog_37_2407.dimacs	0.03	37	20	9	4	254	2	6	9	9	0	2	true	1	1	1
../test_instances/final/33_50/cog_38_211.dimacs	0.01	38	25	4	13	9	2	3	4	4	0	2	true	1	1	1
../test_instances/final/33_50/cog_38_2566.dimacs	3600.00	38	38	unsolved	0	10399186	7	9	56	38	0	2	true	1	1	1
../test_instances/final/33_50/cog_39_1510.dimacs	3600.00	39	39	unsolved	0	9829615	6	10	66	36	3	2	true	1	1	1
../test_instances/final/33_50/cog_39_4.dimacs	0.49	39	33	13	7	2986	2	10	45	13	0	2	true	1	1	1
../test_instances/final/33_50/cog_40_1281.dimacs	0.02	40	25	4	6	18	2	3	4	4	0	2	true	1	1	1
../test_instances/final/33_50/cog_40_1327.dimacs	3600.00	40	35	unsolved	0	14159044	6	11	30	24	3	2	true	1	1	1
../test_instances/final/33_50/cog_41_1081.dimacs	3600.00	41	37	unsolved	0	11526677	6	11	30	25	1	2	true	1	1	1
../test_instances/final/33_50/cog_41_280.dimacs	25.94	41	34	15	7	159443	6	12	19	15	2	2	true	1	1	1
../test_instances/final/33_50/cog_42_1342.dimacs	3600.00	42	40	unsolved	0	10484257	10	12	62	54	0	2	true	1	1	1
../test_instances/final/33_50/cog_42_165.dimacs	1.74	42	37	11	4	10817	4	6	59	11	0	2	true	1	1	1
../test_instances/final/33_50/cog_43_1006.dimacs	97.87	43	27	15	3	517510	4	7	26	15	0	2	true	1	1	1
../test_instances/final/33_50/cog_43_1800.dimacs	3600.00	43	31	unsolved	0	17184022	8	13	49	49	0	2	true	1	1	1
../test_instances/final/33_50/cog_44_1288.dimacs	3600.00	44	39	unsolved	0	17871055	5	2	47	33	0	2	true	1	1	1
../test_instances/final/33_50/cog_44_1449.dimacs	3600.00	44	43	unsolved	0	9127215	10	12	70	64	1	2	true	1	1	1
../test_instances/final/33_50/cog_45_875.dimacs	3600.00	45	42	unsolved	0	7372497	11	13	99	51	0	2	true	1	1	1
../test_instances/final/33_50/cog_45_900.dimacs	3600.00	45	45	unsolved	0	9807483	8	11	44	32	3	2	true	1	1	1
../test_instances/final/33_50/cog_46_60.dimacs	3600.00	46	34	unsolved	0	14930153	6	13	26	26	0	2	true	1	1	1
../test_instances/final/33_50/cog_46_686.dimacs	2.65	46	32	12	7	19178	3	6	15	12	1	2	true	1	1	1
../test_instances/final/33_50/cog_47_1853.dimacs	3600.00	47	43	unsolved	0	7233802	7	12	101	33	0	2	true	1	1	1
../test_instances/final/33_50/cog_47_2176.dimacs	0.01	47	0	3	12	0	1	3	3	3	0	2	true	1	1	1
../test_instances/final/33_50/cog_48_1518.dimacs	3600.00	48	43	unsolved	0	12399391	6	7	31	18	1	2	true	1	1	1
../test_instances/final/33_50/cog_48_156.dimacs	3600.00	48	42	unsolved	0	6077274	10	15	56	56	1	2	true	1	1	1
../test_instances/final/33_50/cog_49_1338.dimacs	3600.00	49	32	unsolved	0	14645935	5	11	33	33	0	2	true	1	1	1
../test_instances/final/33_50/cog_49_508.dimacs	3600.00	49	49	unsolved	0	6416076	11	21	129	94	0	2	true	1	1	1
../test_instances/final/33_50/cog_50_523.dimacs	3600.00	50	50	unsolved	0	11451756	9	6	67	30	3	2	true	1	1	1
../test_instances/final/33_50/cog_50_981.dimacs	3600.00	50	48	unsolved	0	5510996	9	16	60	58	1	2	true	1	1	1
../test_instances/final/33_50/cog_6_1212.dimacs	0.00	6	0	0	2	0	0	0	0	0	0	2	true	1	1	1
../test_instances/final/33_50/cog_6_1912.dimacs	0.00	6	0	0	3	0	0	0	0	0	0	2	true	1	1	1
../test_instances/final/33_50/cog_7_1856.dimacs	0.00	7	0	0	3	0	0	0	0	0	0	2	true	1	1	1
../test_instances/final/33_50/cog_7_3469.dimacs	0.00	7	6	1	3	0	1	1	2	1	0	2	true	1	1	1
../test_instances/final/33_50/cog_8_3047.dimacs	0.00	8	0	1	2	0	1	1	1	1	0	2	true	1	1	1
../test_instances/final/33_50/cog_8_3064.dimacs	0.00	8	0	1	3	0	1	1	1	1	0	2	true	1	1	1
../test_instances/final/33_50/cog_9_1293.dimacs	0.00	9	0	0	4	0	0	0	0	0	0	2	true	1	1	1
../test_instances/final/33_50/cog_9_3084.dimacs	0.00	9	0	2	2	0	1	2	2	2	0	2	true	1	1	1
../test_instances/final/50_50/cog_10_435.dimacs	0.00	10	0	1	3	0	1	1	1	1	0	2	true	1	1	1
../test_instances/final/50_50/cog_10_911.dimacs	0.00	10	0	1	2	0	1	1	1	1	0	2	true	1	1	1
../test_instances/final/50_50/cog_11_1859.dimacs	0.00	11	11	1	2	0	1	1	3	1	0	2	true	1	1	1
../test_instances/final/50_50/cog_11_2703.dimacs	0.00	11	11	2	2	0	2	1	2	2	0	2	true	1	1	1
../test_instances/final/50_50/cog_12_1072.dimacs	0.00	12	0	2	2	0	2	2	2	2	0	2	true	1	1	1
../test_instances/final/50_50/cog_12_1930.dimacs	0.00	12	0	1	1	0	1	1	1	1	0	2	true	1	1	1
../test_instances/final/50_50/cog_13_451.dimacs	0.00	13	13	3	2	0	1	3	7	3	0	2	true	1	1	1
../test_instances/final/50_50/cog_13_614.dimacs	0.00	13	0	0	2	0	0	0	0	0	0	2	true	1	1	1
../test_instances/final/50_50/cog_14_1144.dimacs	0.01	14	14	4	2	20	1	3	11	4	0	2	true	1	1	1
../test_instances/final/50_50/cog_14_401.dimacs	0.00	14	0	4	2	0	2	4	4	4	0	2	true	1	1	1
../test_instances/final/50_50/cog_15_342.dimacs	0.00	15	0	4	3	0	1	4	4	4	0	2	true	1	1	1
../test_instances/final/50_50/cog_15_955.dimacs	0.00	15	0	1	3	0	1	1	1	1	0	2	true	1	1	1
../test_instances/final/50_50/cog_16_1457.dimacs	0.00	16	0	1	2	0	1	1	1	1	0	2	true	1	1	1
../test_instances/final/50_50/cog_16_3052.dimacs	6.42	16	16	12	1	126735	3	4	12	12	0	2	true	1	1	1
../test_instances/final/50_50/cog_17_1386.dimacs	0.00	17	0	1	3	0	1	1	1	1	0	2	true	1	1	1
../test_instances/final/50_50/cog_17_3926.dimacs	0.02	17	17	8	1	225	3	5	8	8	2	2	true	1	1	1
../test_instances/final/50_50/cog_18_1804.dimacs	0.00	18	0	0	4	0	0	0	0	0	0	2	true	1	1	1
../test_instances/final/50_50/cog_18_2686.dimacs	0.03	18	18	7	2	345	2	4	11	7	0	2	true	1	1	1
../test_instances/final/50_50/cog_19_3088.dimacs	0.01	19	19	4	2	31	2	2	4	4	1	2	true	1	1	1
../test_instances/final/50_50/cog_19_484.dimacs	0.01	19	18	5	3	40	2	3	5	5	1	2	true	1	1	1
../test_instances/final/50_50/cog_20_1892.dimacs	0.03	20	20	6	2	282	2	3	7	6	0	2	true	1	1	1
../test_instances/final/50_50/cog_20_2439.dimacs	3600.00	20	20	unsolved	0	45317722	4	8	18	18	0	2	true	1	1	1
../test_instances/final/50_50/cog_21_2640.dimacs	52.53	21	21	15	2	589947	3	6	19	15	0	2	true	1	1	1
../test_instances/final/50_50/cog_21_690.dimacs	93.96	21	19	15	3	1519592	2	6	15	15	0	2	true	1	1	1
../test_instances/final/50_50/cog_22_2105.dimacs	12.41	22	20	15	2	142750	4	9	15	15	0	2	true	1	1	1
../test_instances/final/50_50/cog_22_3925.dimacs	15.69	22	21	13	3	270392	3	5	15	13	1	2	true	1	1	1
../test_instances/final/50_50/cog_23_646.dimacs	479.76	23	23	18	2	4758953	6	10	25	18	0	2	true	1	1	1
../test_instances/final/50_50/cog_23_81.dimacs	3600.00	23	22	unsolved	0	43863208	4	7	21	21	1	2	true	1	1	1
../test_instances/final/50_50/cog_24_1073.dimacs	3600.00	24	23	unsolved	0	31991340	6	9	33	24	0	2	true	1	1	1
../test_instances/final/50_50/cog_24_1679.dimacs	80.47	24	23	15	3	819802	4	6	15	15	1	2	true	1	1	1
../test_instances/final/50_50/cog_25_296.dimacs	3600.00	25	23	unsolved	0	28549634	4	9	29	29	0	2	true	1	1	1
../test_instances/final/50_50/cog_25_84.dimacs	39.00	25	25	13	2	425910	4	5	18	13	1	2	true	1	1	1
../test_instances/final/50_50/cog_26_1505.dimacs	0.02	26	25	6	3	28	3	5	11	6	0	2	true	1	1	1
../test_instances/final/50_50/cog_26_3628.dimacs	3600.00	26	26	unsolved	0	24857116	6	8	38	28	0	2	true	1	1	1
../test_instances/final/50_50/cog_27_1330.dimacs	3600.00	27	27	unsolved	0	20590281	6	10	33	33	1	2	true	1	1	1
../test_instances/final/50_50/cog_27_2415.dimacs	1.84	27	25	13	2	15525	5	8	13	13	0	2	true	1	1	1
../test_instances/final/50_50/cog_28_1688.dimacs	3600.00	28	28	unsolved	0	19285703	5	9	32	31	0	2	true	1	1	1
../test_instances/final/50_50/cog_28_261.dimacs	0.38	28	28	10	2	3352	3	5	26	10	0	2	true	1	1	1
../test_instances/final/50_50/cog_29_320.dimacs	123.25	29	29	16	2	931679	5	7	16	16	2	2	true	1	1	1
../test_instances/final/50_50/cog_29_953.dimacs	3600.00	29	28	unsolved	0	17716177	6	11	43	43	0	2	true	1	1	1
../test_instances/final/50_50/cog_30_1047.dimacs	3.00	30	27	11	3	31611	3	5	11	11	0	2	true	1	1	1
../test_instances/final/50_50/cog_30_416.dimacs	3600.00	30	29	unsolved	0	18534670	7	11	30	30	0	2	true	1	1	1
../test_instances/final/50_50/cog_31_1602.dimacs	427.11	31	25	19	2	3470818	3	9	19	19	0	2	true	1	1	1
../test_instances/final/50_50/cog_31_23.dimacs	3600.00	31	31	unsolved	0	12912856	7	13	33	33	0	2	true	1	1	1
../test_instances/final/50_50/cog_32_1124.dimacs	0.00	32	0	7	4	0	3	6	7	7	0	2	true	1	1	1
../test_instances/final/50_50/cog_32_1344.dimacs	3600.00	32	31	unsolved	0	14569954	7	12	25	25	0	2	true	1	1	1
../test_instances/final/50_50/cog_33_1094.dimacs	3600.00	33	33	unsolved	0	12891277	8	13	44	44	0	2	true	1	1	1
../test_instances/final/50_50/cog_33_1673.dimacs	3600.00	33	33	unsolved	0	13069675	8	14	60	60	0	2	true	1	1	1
../test_instances/final/50_50/cog_34_222.dimacs	3600.00	34	34	unsolved	0	12767239	7	12	46	46	0	2	true	1	1	1
../test_instances/final/50_50/cog_34_3576.dimacs	0.70	34	33	11	3	5094	3	6	11	11	2	2	true	1	1	1
../test_instances/final/50_50/cog_35_1137.dimacs	0.77	35	28	9	5	7578	2	4	10	9	0	2	true	1	1	1
../test_instances/final/50_50/cog_35_691.dimacs	3600.00	35	33	unsolved	0	9774243	5	17	32	31	0	2	true	1	1	1
../test_instances/final/50_50/cog_36_2275.dimacs	3600.00	36	34	unsolved	0	17821884	6	7	24	24	0	2	true	1	1	1
../test_instances/final/50_50/cog_36_71.dimacs	3600.00	36	34	unsolved	0	9538168	5	15	33	31	0	2	true	1	1	1
../test_instances/final/50_50/cog_37_1715.dimacs	3600.00	37	34	unsolved	0	15179935	7	11	34	34	0	2	true	1	1	1
../test_instances/final/50_50/cog_37_2407.dimacs	3600.00	37	37	unsolved	0	12476036	6	16	79	67	0	2	true	1	1	1
../test_instances/final/50_50/cog_38_211.dimacs	0.02	38	31	4	9	37	2	2	4	4	0	2	true	1	1	1
../test_instances/final/50_50/cog_38_2566.dimacs	3600.00	38	38	unsolved	0	8186361	9	14	66	66	0	2	true	1	1	1
../test_instances/final/50_50/cog_39_1510.dimacs	3600.00	39	39	unsolved	0	7575869	10	14	48	48	0	2	true	1	1	1
../test_instances/final/50_50/cog_39_4.dimacs	3600.00	39	39	unsolved	0	7041460	8	13	73	51	0	2	true	1	1	1
../test_instances/final/50_50/cog_40_1281.dimacs	3600.00	40	39	unsolved	0	9745121	4	11	44	31	0	2	true	1	1	1
../test_instances/final/50_50/cog_40_1327.dimacs	3600.00	40	39	unsolved	0	17543493	6	14	31	28	0	2	true	1	1	1
../test_instances/final/50_50/cog_41_1081.dimacs	3600.00	41	41	unsolved	0	6561493	8	12	36	35	0	2	true	1	1	1
../test_instances/final/50_50/cog_41_280.dimacs	5.69	41	39	12	3	33890	5	6	12	12	1	2	true	1	1	1
../test_instances/final/50_50/cog_42_1342.dimacs	3600.00	42	42	unsolved	0	6596545	6	15	44	36	0	2	true	1	1	1
../test_instances/final/50_50/cog_42_165.dimacs	3600.00	42	37	unsolved	0	10950955	8	16	58	56	0	2	true	1	1	1
../test_instances/final/50_50/cog_43_1006.dimacs	3600.00	43	43	unsolved	0	9354071	9	16	150	72	0	2	true	1	1	1
../test_instances/final/50_50/cog_43_1800.dimacs	0.01	43	0	13	5	0	3	13	13	13	0	2	true	1	1	1
../test_instances/final/50_50/cog_44_1288.dimacs	3600.00	44	39	unsolved	0	15505794	3	5	19	17	0	2	true	1	1	1
../test_instances/final/50_50/cog_44_1449.dimacs	3600.00	44	43	unsolved	0	5508568	10	18	55	55	1	2	true	1	1	1
../test_instances/final/50_50/cog_45_875.dimacs	3600.00	45	43	unsolved	0	6224554	10	15	87	87	0	2	true	1	1	1
../test_instances/final/50_50/cog_45_900.dimacs	3600.00	45	45	unsolved	0	10496778	7	13	49	49	0	2	true	1	1	1
../test_instances/final/50_50/cog_46_60.dimacs	0.03	46	39	16	6	17	5	15	16	16	2	2	true	1	1	1
../test_instances/final/50_50/cog_46_686.dimacs	3600.00	46	46	unsolved	0	10593262	6	9	56	26	0	2	true	1	1	1
../test_instances/final/50_50/cog_47_1853.dimacs	3600.00	47	47	unsolved	0	4644473	9	16	98	98	1	2	true	1	1	1
../test_instances/final/50_50/cog_47_2176.dimacs	0.02	47	36	2	9	10	1	1	2	2	1	2	true	1	1	1
../test_instances/final/50_50/cog_48_1518.dimacs	3600.00	48	44	unsolved	0	8631864	5	13	34	34	0	2	true	1	1	1
../test_instances/final/50_50/cog_48_156.dimacs	3600.00	48	45	unsolved	0	4412745	9	19	53	53	0	2	true	1	1	1
../test_instances/final/50_50/cog_49_1338.dimacs	0.00	49	0	0	4	0	0	0	0	0	0	2	true	1	1	1
../test_instances/final/50_50/cog_49_508.dimacs	3600.00	49	49	unsolved	0	3912663	11	22	92	92	0	2	true	1	1	1
../test_instances/final/50_50/cog_50_523.dimacs	3600.00	50	50	unsolved	0	4873127	8	20	83	75	0	2	true	1	1	1
../test_instances/final/50_50/cog_50_981.dimacs	3600.00	50	50	unsolved	0	3608871	9	25	63	63	0	2	true	1	1	1
../test_instances/final/50_50/cog_6_1212.dimacs	0.00	6	0	0	2	0	0	0	0	0	0	2	true	1	1	1
../test_instances/final/50_50/cog_6_1912.dimacs	0.00	6	0	0	2	0	0	0	0	0	0	2	true	1	1	1
../test_instances/final/50_50/cog_7_1856.dimacs	0.00	7	7	1	2	0	1	1	2	1	0	2	true	1	1	1
../test_instances/final/50_50/cog_7_3469.dimacs	0.00	7	0	1	2	0	1	1	1	1	0	2	true	1	1	1
../test_instances/final/50_50/cog_8_3047.dimacs	0.00	8	0	1	2	0	1	1	1	1	0	2	true	1	1	1
../test_instances/final/50_50/cog_8_3064.dimacs	0.00	8	0	3	1	0	1	3	3	3	0	2	true	1	1	1
../test_instances/final/50_50/cog_9_1293.dimacs	0.00	9	0	0	3	0	0	0	0	0	0	2	true	1	1	1
../test_instances/final/50_50/cog_9_3084.dimacs	0.00	9	0	1	2	0	1	1	1	1	0	2	true	1	1	1
../test_instances/final/66_50/cog_10_435.dimacs	0.00	10	0	0	1	0	0	0	0	0	0	2	true	1	1	1
../test_instances/final/66_50/cog_10_911.dimacs	0.00	10	0	0	2	0	0	0	0	0	0	2	true	1	1	1
../test_instances/final/66_50/cog_11_1859.dimacs	0.00	11	0	3	1	0	1	3	3	3	0	2	true	1	1	1
../test_instances/final/66_50/cog_11_2703.dimacs	0.00	11	0	2	1	0	1	2	2	2	0	2	true	1	1	1
../test_instances/final/66_50/cog_12_1072.dimacs	0.00	12	0	2	1	0	2	2	2	2	0	2	true	1	1	1
../test_instances/final/66_50/cog_12_1930.dimacs	0.00	12	0	2	1	0	2	2	2	2	0	2	true	1	1	1
../test_instances/final/66_50/cog_13_451.dimacs	0.01	13	13	5	1	17	2	4	5	5	0	2	true	1	1	1
../test_instances/final/66_50/cog_13_614.dimacs	0.00	13	0	0	2	0	0	0	0	0	0	2	true	1	1	1
../test_instances/final/66_50/cog_14_1144.dimacs	0.05	14	14	9	1	874	3	6	9	9	0	2	true	1	1	1
../test_instances/final/66_50/cog_14_401.dimacs	0.00	14	0	3	2	0	1	3	3	3	0	2	true	1	1	1
../test_instances/final/66_50/cog_15_342.dimacs	0.00	15	0	0	3	0	0	0	0	0	0	2	true	1	1	1
../test_instances/final/66_50/cog_15_955.dimacs	0.00	15	0	3	1	0	1	3	3	3	0	2	true	1	1	1
../test_instances/final/66_50/cog_16_1457.dimacs	0.07	16	16	7	2	1301	2	3	8	7	0	2	true	1	1	1
../test_instances/final/66_50/cog_16_3052.dimacs	0.02	16	16	8	1	295	3	5	8	8	0	2	true	1	1	1
../test_instances/final/66_50/cog_17_1386.dimacs	0.01	17	17	6	1	15	2	5	6	6	0	2	true	1	1	1
../test_instances/final/66_50/cog_17_3926.dimacs	0.01	17	17	5	1	18	2	4	5	5	0	2	true	1	1	1
../test_instances/final/66_50/cog_18_1804.dimacs	0.16	18	18	8	2	3067	2	3	9	8	0	2	true	1	1	1
../test_instances/final/66_50/cog_18_2686.dimacs	0.22	18	18	10	1	3384	2	6	10	10	0	2	true	1	1	1
../test_instances/final/66_50/cog_19_3088.dimacs	0.00	19	0	2	1	0	1	2	2	2	0	2	true	1	1	1
../test_instances/final/66_50/cog_19_484.dimacs	0.01	19	19	4	1	7	2	3	4	4	0	2	true	1	1	1
../test_instances/final/66_50/cog_20_1892.dimacs	0.01	20	20	6	2	95	3	4	7	6	0	2	true	1	1	1
../test_instances/final/66_50/cog_20_2439.dimacs	0.87	20	20	14	1	9384	3	9	14	14	0	2	true	1	1	1
../test_instances/final/66_50/cog_21_2640.dimacs	1.32	21	21	10	2	19139	3	4	11	10	0	2	true	1	1	1
../test_instances/final/66_50/cog_21_690.dimacs	0.00	21	0	10	3	0	3	10	10	10	0	2	true	1	1	1
../test_instances/final/66_50/cog_22_2105.dimacs	0.03	22	22	11	2	218	4	8	11	11	1	2	true	1	1	1
../test_instances/final/66_50/cog_22_3925.dimacs	0.01	22	21	8	2	55	3	6	8	8	0	2	true	1	1	1
../test_instances/final/66_50/cog_23_646.dimacs	2203.66	23	23	19	1	20844593	4	9	19	19	0	2	true	1	1	1
../test_instances/final/66_50/cog_23_81.dimacs	0.00	23	0	6	2	0	2	6	6	6	0	2	true	1	1	1
../test_instances/final/66_50/cog_24_1073.dimacs	0.07	24	24	13	1	428	3	10	13	13	0	2	true	1	1	1
../test_instances/final/66_50/cog_24_1679.dimacs	0.02	24	24	7	1	38	3	6	7	7	1	2	true	1	1	1
../test_instances/final/66_50/cog_25_296.dimacs	7.33	25	25	20	2	52915	4	14	21	20	2	2	true	1	1	1
../test_instances/final/66_50/cog_25_84.dimacs	12.47	25	25	14	1	128043	3	7	14	14	0	2	true	1	1	1
../test_instances/final/66_50/cog_26_1505.dimacs	5.49	26	26	11	2	59078	3	4	11	11	0	2	true	1	1	1
../test_instances/final/66_50/cog_26_3628.dimacs	1534.46	26	26	22	1	8305541	6	13	22	22	0	2	true	1	1	1
../test_instances/final/66_50/cog_27_1330.dimacs	3600.00	27	27	unsolved	0	22744398	6	10	22	22	0	2	true	1	1	1
../test_instances/final/66_50/cog_27_2415.dimacs	0.02	27	25	9	2	17	3	8	9	9	0	2	true	1	1	1
../test_instances/final/66_50/cog_28_1688.dimacs	3600.00	28	28	unsolved	0	14783218	5	13	27	27	0	2	true	1	1	1
../test_instances/final/66_50/cog_28_261.dimacs	3600.00	28	28	unsolved	0	21538648	5	7	25	25	0	2	true	1	1	1
../test_instances/final/66_50/cog_29_320.dimacs	0.02	29	29	12	2	33	5	11	12	12	1	2	true	1	1	1
../test_instances/final/66_50/cog_29_953.dimacs	3600.00	29	28	unsolved	0	21308964	5	12	29	29	0	2	true	1	1	1
../test_instances/final/66_50/cog_30_1047.dimacs	0.01	30	0	5	2	0	3	5	5	5	0	2	true	1	1	1
../test_instances/final/66_50/cog_30_416.dimacs	3600.00	30	30	unsolved	0	15975822	5	14	25	25	0	2	true	1	1	1
../test_instances/final/66_50/cog_31_1602.dimacs	0.00	31	31	2	2	0	2	1	16	2	0	2	true	1	1	1
../test_instances/final/66_50/cog_31_23.dimacs	3600.00	31	31	unsolved	0	14709877	4	15	26	26	0	2	true	1	1	1
../test_instances/final/66_50/cog_32_1124.dimacs	375.33	32	32	14	2	2975786	3	4	18	14	0	2	true	1	1	1
../test_instances/final/66_50/cog_32_1344.dimacs	3600.00	32	32	unsolved	0	14005457	5	19	28	28	0	2	true	1	1	1
../test_instances/final/66_50/cog_33_1094.dimacs	3600.00	33	33	unsolved	0	8895737	7	16	40	40	0	2	true	1	1	1
../test_instances/final/66_50/cog_33_1673.dimacs	3600.00	33	33	unsolved	0	10558847	7	17	48	48	0	2	true	1	1	1
../test_instances/final/66_50/cog_34_222.dimacs	3600.00	34	34	unsolved	0	10357667	6	15	30	30	0	2	true	1	1	1
../test_instances/final/66_50/cog_34_3576.dimacs	3.83	34	34	18	1	21022	4	13	18	18	1	2	true	1	1	1
../test_instances/final/66_50/cog_35_1137.dimacs	0.00	35	34	2	3	0	1	2	12	2	0	2	true	1	1	1
../test_instances/final/66_50/cog_35_691.dimacs	0.25	35	34	14	2	1220	4	11	14	14	1	2	true	1	1	1
../test_instances/final/66_50/cog_36_2275.dimacs	148.35	36	34	23	3	623772	5	15	23	23	0	2	true	1	1	1
../test_instances/final/66_50/cog_36_71.dimacs	0.14	36	34	13	4	558	3	10	13	13	0	2	true	1	1	1
../test_instances/final/66_50/cog_37_1715.dimacs	6.28	37	35	24	3	26106	5	18	24	24	1	2	true	1	1	1
../test_instances/final/66_50/cog_37_2407.dimacs	3600.00	37	37	unsolved	0	10497290	7	21	41	41	0	2	true	1	1	1
../test_instances/final/66_50/cog_38_211.dimacs	0.01	38	0	7	4	0	3	7	7	7	0	2	true	1	1	1
../test_instances/final/66_50/cog_38_2566.dimacs	3600.00	38	38	unsolved	0	6072414	9	18	56	56	0	2	true	1	1	1
../test_instances/final/66_50/cog_39_1510.dimacs	3600.00	39	39	unsolved	0	8213521	7	16	36	36	0	2	true	1	1	1
../test_instances/final/66_50/cog_39_4.dimacs	3600.00	39	39	unsolved	0	9496773	5	14	41	41	0	2	true	1	1	1
../test_instances/final/66_50/cog_40_1281.dimacs	3600.00	40	39	unsolved	0	11178797	5	17	35	35	0	2	true	1	1	1
../test_instances/final/66_50/cog_40_1327.dimacs	2975.28	40	39	24	2	8806661	6	14	24	24	0	2	true	1	1	1
../test_instances/final/66_50/cog_41_1081.dimacs	3600.00	41	41	unsolved	0	8153124	6	12	27	27	0	2	true	1	1	1
../test_instances/final/66_50/cog_41_280.dimacs	0.49	41	39	16	3	1672	5	13	16	16	0	2	true	1	1	1
../test_instances/final/66_50/cog_42_1342.dimacs	3600.00	42	42	unsolved	0	8335971	5	11	37	37	0	2	true	1	1	1
../test_instances/final/66_50/cog_42_165.dimacs	0.81	42	37	17	3	3428	4	12	17	17	0	2	true	1	1	1
../test_instances/final/66_50/cog_43_1006.dimacs	3600.00	43	43	unsolved	0	7391020	9	19	108	108	0	2	true	1	1	1
../test_instances/final/66_50/cog_43_1800.dimacs	3600.00	43	43	unsolved	0	9185828	5	9	27	27	0	2	true	1	1	1
../test_instances/final/66_50/cog_44_1288.dimacs	1.61	44	40	18	3	5933	3	13	18	18	0	2	true	1	1	1
../test_instances/final/66_50/cog_44_1449.dimacs	3600.00	44	44	unsolved	0	7721453	8	18	36	36	1	2	true	1	1	1
../test_instances/final/66_50/cog_45_875.dimacs	3600.00	45	43	unsolved	0	8849085	9	21	64	64	0	2	true	1	1	1
../test_instances/final/66_50/cog_45_900.dimacs	3600.00	45	45	unsolved	0	11809505	5	18	38	38	0	2	true	1	1	1
../test_instances/final/66_50/cog_46_60.dimacs	0.01	46	0	1	5	0	1	1	1	1	0	2	true	1	1	1
../test_instances/final/66_50/cog_46_686.dimacs	3600.00	46	46	unsolved	0	6711833	8	11	51	51	0	2	true	1	1	1
../test_instances/final/66_50/cog_47_1853.dimacs	3600.00	47	47	unsolved	0	3954029	9	23	74	74	0	2	true	1	1	1
../test_instances/final/66_50/cog_47_2176.dimacs	0.81	47	42	9	3	3019	3	5	9	9	0	2	true	1	1	1
../test_instances/final/66_50/cog_48_1518.dimacs	135.16	48	47	27	2	287528	5	19	27	27	2	2	true	1	1	1
../test_instances/final/66_50/cog_48_156.dimacs	3600.00	48	45	unsolved	0	6261614	7	22	32	32	0	2	true	1	1	1
../test_instances/final/66_50/cog_49_1338.dimacs	3600.00	49	49	unsolved	0	4572502	6	15	105	90	0	2	true	1	1	1
../test_instances/final/66_50/cog_49_508.dimacs	3600.00	49	49	unsolved	0	4526094	9	23	82	82	0	2	true	1	1	1
../test_instances/final/66_50/cog_50_523.dimacs	3600.00	50	50	unsolved	0	3809759	9	24	61	61	0	2	true	1	1	1
../test_instances/final/66_50/cog_50_981.dimacs	3600.00	50	50	unsolved	0	4287485	8	21	48	48	0	2	true	1	1	1
../test_instances/final/66_50/cog_6_1212.dimacs	0.00	6	0	1	1	0	1	1	1	1	0	2	true	1	1	1
../test_instances/final/66_50/cog_6_1912.dimacs	0.00	6	0	0	2	0	0	0	0	0	0	2	true	1	1	1
../test_instances/final/66_50/cog_7_1856.dimacs	0.00	7	0	1	1	0	1	1	1	1	0	2	true	1	1	1
../test_instances/final/66_50/cog_7_3469.dimacs	0.00	7	0	0	1	0	0	0	0	0	0	2	true	1	1	1
../test_instances/final/66_50/cog_8_3047.dimacs	0.00	8	0	1	1	0	1	1	1	1	0	2	true	1	1	1
../test_instances/final/66_50/cog_8_3064.dimacs	0.00	8	0	2	1	0	1	2	2	2	0	2	true	1	1	1
../test_instances/final/66_50/cog_9_1293.dimacs	0.00	9	0	0	2	0	0	0	0	0	0	2	true	1	1	1
../test_instances/final/66_50/cog_9_3084.dimacs	0.00	9	0	1	1	0	1	1	1	1	0	2	true	1	1	1
../test_instances/final/random_ER/random_10_1_0.dimacs	0.00	10	0	1	5	0	1	1	1	1	0	2	true	1	1	1
../test_instances/final/random_ER/random_10_1_1.dimacs	0.00	10	0	1	5	0	1	1	1	1	0	2	true	1	1	1
../test_instances/final/random_ER/random_10_2_0.dimacs	0.00	10	0	0	4	0	0	0	0	0	0	2	true	1	1	1
../test_instances/final/random_ER/random_10_2_1.dimacs	0.00	10	8	2	3	0	2	2	5	2	0	2	true	1	1	1
../test_instances/final/random_ER/random_10_3_0.dimacs	0.00	10	9	3	4	0	3	2	5	3	0	2	true	1	1	1
../test_instances/final/random_ER/random_10_3_1.dimacs	0.01	10	9	4	3	48	2	3	4	4	0	2	true	1	1	1
../test_instances/final/random_ER/random_10_4_0.dimacs	0.00	10	0	3	1	0	2	3	3	3	0	2	true	1	1	1
../test_instances/final/random_ER/random_10_4_1.dimacs	0.01	10	10	5	1	154	2	3	5	5	1	2	true	1	1	1
../test_instances/final/random_ER/random_10_5_0.dimacs	0.00	10	0	2	1	0	2	2	2	2	0	2	true	1	1	1
../test_instances/final/random_ER/random_10_5_1.dimacs	0.02	10	10	6	1	274	3	3	6	6	0	2	true	1	1	1
../test_instances/final/random_ER/random_10_6_0.dimacs	0.01	10	10	5	1	39	2	4	5	5	0	2	true	1	1	1
../test_instances/final/random_ER/random_10_6_1.dimacs	0.01	10	10	5	1	35	2	3	5	5	0	2	true	1	1	1
../test_instances/final/random_ER/random_10_7_0.dimacs	0.00	10	0	4	1	0	2	4	4	4	0	2	true	1	1	1
../test_instances/final/random_ER/random_10_7_1.dimacs	0.00	10	0	3	1	0	1	3	3	3	0	2	true	1	1	1
../test_instances/final/random_ER/random_10_8_0.dimacs	0.00	10	0	3	1	0	1	3	3	3	0	2	true	1	1	1
../test_instances/final/random_ER/random_10_8_1.dimacs	0.00	10	0	1	1	0	1	1	1	1	0	2	true	1	1	1
../test_instances/final/random_ER/random_10_9_0.dimacs	0.00	10	0	0	1	0	0	0	0	0	0	2	true	1	1	1
../test_instances/final/random_ER/random_10_9_1.dimacs	0.00	10	0	1	1	0	1	1	1	1	0	2	true	1	1	1
../test_instances/final/random_ER/random_12_1_0.dimacs	0.00	12	0	0	9	0	0	0	0	0	0	2	true	1	1	1
../test_instances/final/random_ER/random_12_1_1.dimacs	0.00	12	0	1	6	0	1	1	1	1	0	2	true	1	1	1
../test_instances/final/random_ER/random_12_2_0.dimacs	0.00	12	9	2	6	7	1	1	3	2	6	2	true	1	1	1
../test_instances/final/random_ER/random_12_2_1.dimacs	0.00	12	8	3	5	0	3	2	3	3	0	2	true	1	1	1
../test_instances/final/random_ER/random_12_3_0.dimacs	0.02	12	12	7	2	359	4	3	9	7	0	2	true	1	1	1
../test_instances/final/random_ER/random_12_3_1.dimacs	0.01	12	11	5	3	115	3	3	5	5	2	2	true	1	1	1
../test_instances/final/random_ER/random_12_4_0.dimacs	0.40	12	12	9	2	13607	3	3	9	9	1	2	true	1	1	1
../test_instances/final/random_ER/random_12_4_1.dimacs	1.25	12	12	10	1	39451	3	3	10	10	0	2	true	1	1	1
../test_instances/final/random_ER/random_12_5_0.dimacs	0.01	12	12	5	1	54	2	3	5	5	0	2	true	1	1	1
../test_instances/final/random_ER/random_12_5_1.dimacs	0.03	12	11	7	2	787	3	3	7	7	0	2	true	1	1	1
../test_instances/final/random_ER/random_12_6_0.dimacs	0.02	12	12	7	1	283	3	4	7	7	0	2	true	1	1	1
../test_instances/final/random_ER/random_12_6_1.dimacs	0.02	12	12	7	2	243	3	4	7	7	1	2	true	1	1	1
../test_instances/final/random_ER/random_12_7_0.dimacs	0.02	12	12	8	1	293	2	5	8	8	0	2	true	1	1	1
../test_instances/final/random_ER/random_12_7_1.dimacs	0.00	12	0	4	1	0	2	4	4	4	0	2	true	1	1	1
../test_instances/final/random_ER/random_12_8_0.dimacs	0.00	12	0	7	1	0	2	7	7	7	0	2	true	1	1	1
../test_instances/final/random_ER/random_12_8_1.dimacs	0.00	12	0	5	1	0	2	5	5	5	0	2	true	1	1	1
../test_instances/final/random_ER/random_12_9_0.dimacs	0.00	12	0	2	1	0	1	2	2	2	0	2	true	1	1	1
../test_instances/final/random_ER/random_12_9_1.dimacs	0.00	12	0	1	1	0	1	1	1	1	0	2	true	1	1	1
../test_instances/final/random_ER/random_14_1_0.dimacs	0.00	14	0	1	5	0	1	1	1	1	0	2	true	1	1	1
../test_instances/final/random_ER/random_14_1_1.dimacs	0.00	14	0	1	8	0	1	1	1	1	0	2	true	1	1	1
../test_instances/final/random_ER/random_14_2_0.dimacs	0.00	14	13	4	5	54	2	2	7	4	4	2	true	1	1	1
../test_instances/final/random_ER/random_14_2_1.dimacs	0.05	14	14	7	3	1354	3	3	9	7	3	2	true	1	1	1
../test_instances/final/random_ER/random_14_3_0.dimacs	0.41	14	14	9	1	12323	3	3	9	9	1	2	true	1	1	1
../test_instances/final/random_ER/random_14_3_1.dimacs	60.46	14	14	13	2	1567813	4	4	13	13	0	2	true	1	1	1
../test_instances/final/random_ER/random_14_4_0.dimacs	11.66	14	14	12	1	300417	4	4	12	12	0	2	true	1	1	1
../test_instances/final/random_ER/random_14_4_1.dimacs	0.11	14	14	8	2	2606	4	3	10	8	0	2	true	1	1	1
../test_instances/final/random_ER/random_14_5_0.dimacs	4.50	14	14	12	1	107371	3	5	12	12	0	2	true	1	1	1
../test_instances/final/random_ER/random_14_5_1.dimacs	7.69	14	14	12	1	192453	4	4	12	12	0	2	true	1	1	1
../test_instances/final/random_ER/random_14_6_0.dimacs	1.47	14	14	12	1	32372	3	6	12	12	0	2	true	1	1	1
../test_instances/final/random_ER/random_14_6_1.dimacs	0.40	14	14	11	1	8971	3	6	11	11	0	2	true	1	1	1
../test_instances/final/random_ER/random_14_7_0.dimacs	0.02	14	14	9	1	140	3	7	9	9	0	2	true	1	1	1
../test_instances/final/random_ER/random_14_7_1.dimacs	0.00	14	0	8	1	0	3	8	8	8	0	2	true	1	1	1
../test_instances/final/random_ER/random_14_8_0.dimacs	0.00	14	0	7	1	0	2	7	7	7	0	2	true	1	1	1
../test_instances/final/random_ER/random_14_8_1.dimacs	0.00	14	0	8	1	0	3	8	8	8	0	2	true	1	1	1
../test_instances/final/random_ER/random_14_9_0.dimacs	0.00	14	0	7	1	0	2	7	7	7	0	2	true	1	1	1
../test_instances/final/random_ER/random_14_9_1.dimacs	0.00	14	0	3	1	0	1	3	3	3	0	2	true	1	1	1
../test_instances/final/random_ER/random_16_1_0.dimacs	0.00	16	0	1	9	0	1	1	1	1	0	2	true	1	1	1
../test_instances/final/random_ER/random_16_1_1.dimacs	0.00	16	0	1	7	0	1	1	1	1	0	2	true	1	1	1
../test_instances/final/random_ER/random_16_2_0.dimacs	0.13	16	16	8	3	4036	4	2	9	8	2	2	true	1	1	1
../test_instances/final/random_ER/random_16_2_1.dimacs	0.01	16	14	5	5	254	2	2	7	5	5	2	true	1	1	1
../test_instances/final/random_ER/random_16_3_0.dimacs	1.28	16	16	10	3	37619	5	2	15	10	0	2	true	1	1	1
../test_instances/final/random_ER/random_16_3_1.dimacs	150.85	16	16	14	2	2963709	4	5	14	14	0	2	true	1	1	1
../test_instances/final/random_ER/random_16_4_0.dimacs	604.60	16	16	15	1	11514409	4	4	15	15	0	2	true	1	1	1
../test_instances/final/random_ER/random_16_4_1.dimacs	128.60	16	16	14	1	2533537	3	4	14	14	0	2	true	1	1	1
../test_instances/final/random_ER/random_16_5_0.dimacs	3600.00	16	16	unsolved	0	65578041	4	6	20	20	0	2	true	1	1	1
../test_instances/final/random_ER/random_16_5_1.dimacs	1658.82	16	16	17	1	28889750	4	6	17	17	0	2	true	1	1	1
../test_instances/final/random_ER/random_16_6_0.dimacs	3600.00	16	16	unsolved	0	65898035	4	7	19	19	0	2	true	1	1	1
../test_instances/final/random_ER/random_16_6_1.dimacs	78.14	16	16	16	1	1391114	4	8	16	16	0	2	true	1	1	1
../test_instances/final/random_ER/random_16_7_0.dimacs	8.47	16	16	15	1	144478	3	8	15	15	0	2	true	1	1	1
../test_instances/final/random_ER/random_16_7_1.dimacs	0.09	16	16	12	1	1289	4	8	12	12	0	2	true	1	1	1
../test_instances/final/random_ER/random_16_8_0.dimacs	0.00	16	0	9	1	0	3	9	9	9	0	2	true	1	1	1
../test_instances/final/random_ER/random_16_8_1.dimacs	0.00	16	0	8	1	0	3	8	8	8	0	2	true	1	1	1
../test_instances/final/random_ER/random_16_9_0.dimacs	0.00	16	0	5	1	0	2	5	5	5	0	2	true	1	1	1
../test_instances/final/random_ER/random_16_9_1.dimacs	0.00	16	0	5	1	0	2	5	5	5	0	2	true	1	1	1
../test_instances/final/random_ER/random_18_1_0.dimacs	0.00	18	12	2	7	0	2	1	6	2	0	2	true	1	1	1
../test_instances/final/random_ER/random_18_1_1.dimacs	0.02	18	13	6	6	477	3	2	8	6	4	2	true	1	1	1
../test_instances/final/random_ER/random_18_2_0.dimacs	330.93	18	18	15	2	6679681	4	3	17	15	0	2	true	1	1	1
../test_instances/final/random_ER/random_18_2_1.dimacs	3600.00	18	18	unsolved	0	63177762	4	3	18	18	1	2	true	1	1	1
../test_instances/final/random_ER/random_18_3_0.dimacs	3600.00	18	18	unsolved	0	65141058	4	3	17	17	0	2	true	1	1	1
../test_instances/final/random_ER/random_18_3_1.dimacs	31.70	18	18	13	2	684301	3	4	13	13	3	2	true	1	1	1
../test_instances/final/random_ER/random_18_4_0.dimacs	3600.00	18	18	unsolved	0	52652906	5	6	28	28	0	2	true	1	1	1
../test_instances/final/random_ER/random_18_4_1.dimacs	3600.00	18	18	unsolved	0	56416718	5	5	20	20	0	2	true	1	1	1
../test_instances/final/random_ER/random_18_5_0.dimacs	3600.00	18	18	unsolved	0	53278204	5	6	25	25	0	2	true	1	1	1
../test_instances/final/random_ER/random_18_5_1.dimacs	3600.00	18	18	unsolved	0	50973537	5	7	19	19	0	2	true	1	1	1
../test_instances/final/random_ER/random_18_6_0.dimacs	3600.00	18	18	unsolved	0	53474523	4	9	20	20	0	2	true	1	1	1
../test_instances/final/random_ER/random_18_6_1.dimacs	3600.00	18	18	unsolved	0	50610951	5	7	20	20	0	2	true	1	1	1
../test_instances/final/random_ER/random_18_7_0.dimacs	15.04	18	18	16	1	227617	3	8	16	16	0	2	true	1	1	1
../test_instances/final/random_ER/random_18_7_1.dimacs	113.34	18	18	18	1	1242993	4	11	18	18	0	2	true	1	1	1
../test_instances/final/random_ER/random_18_8_0.dimacs	0.03	18	18	14	1	215	3	11	14	14	0	2	true	1	1	1
../test_instances/final/random_ER/random_18_8_1.dimacs	0.03	18	18	14	1	243	4	11	14	14	0	2	true	1	1	1
../test_instances/final/random_ER/random_18_9_0.dimacs	0.00	18	0	5	1	0	2	5	5	5	0	2	true	1	1	1
../test_instances/final/random_ER/random_18_9_1.dimacs	0.00	18	0	11	1	0	4	11	11	11	0	2	true	1	1	1
../test_instances/final/random_ER/random_20_1_0.dimacs	0.02	20	17	6	7	314	3	2	10	6	4	2	true	1	1	1
../test_instances/final/random_ER/random_20_1_1.dimacs	0.01	20	19	4	5	66	3	3	10	4	11	2	true	1	1	1
../test_instances/final/random_ER/random_20_2_0.dimacs	101.20	20	20	14	3	1754867	5	3	19	14	3	2	true	1	1	1
../test_instances/final/random_ER/random_20_2_1.dimacs	12.80	20	19	12	4	306828	5	2	14	12	2	2	true	1	1	1
../test_instances/final/random_ER/random_20_3_0.dimacs	3600.00	20	20	unsolved	0	44195680	6	5	26	26	0	2	true	1	1	1
../test_instances/final/random_ER/random_20_3_1.dimacs	3600.00	20	20	unsolved	0	53295396	5	4	21	20	1	2	true	1	1	1
../test_instances/final/random_ER/random_20_4_0.dimacs	3600.00	20	20	unsolved	0	44530451	7	5	27	27	0	2	true	1	1	1
../test_instances/final/random_ER/random_20_4_1.dimacs	3600.00	20	20	unsolved	0	50154893	5	8	26	26	0	2	true	1	1	1
../test_instances/final/random_ER/random_20_5_0.dimacs	3600.00	20	20	unsolved	0	40441900	5	7	30	30	0	2	true	1	1	1
../test_instances/final/random_ER/random_20_5_1.dimacs	3600.00	20	20	unsolved	0	43904978	5	7	32	32	0	2	true	1	1	1
../test_instances/final/random_ER/random_20_6_0.dimacs	3600.00	20	20	unsolved	0	49549536	5	7	31	31	0	2	true	1	1	1
../test_instances/final/random_ER/random_20_6_1.dimacs	3600.00	20	20	unsolved	0	45631358	5	8	29	29	0	2	true	1	1	1
../test_instances/final/random_ER/random_20_7_0.dimacs	3600.00	20	20	unsolved	0	43335579	5	11	23	23	0	2	true	1	1	1
../test_instances/final/random_ER/random_20_7_1.dimacs	3600.00	20	20	unsolved	0	41140516	5	10	26	26	0	2	true	1	1	1
../test_instances/final/random_ER/random_20_8_0.dimacs	1.88	20	20	18	1	20547	4	13	18	18	0	2	true	1	1	1
../test_instances/final/random_ER/random_20_8_1.dimacs	4.75	20	20	17	1	48587	4	11	17	17	0	2	true	1	1	1
../test_instances/final/random_ER/random_20_9_0.dimacs	0.00	20	0	9	1	0	4	9	9	9	0	2	true	1	1	1
../test_instances/final/random_ER/random_20_9_1.dimacs	0.00	20	0	9	1	0	2	9	9	9	0	2	true	1	1	1
../test_instances/final/random_ER/random_22_1_0.dimacs	0.02	22	20	6	5	374	4	2	11	6	5	2	true	1	1	1
../test_instances/final/random_ER/random_22_1_1.dimacs	0.11	22	20	8	5	2089	5	2	13	8	2	2	true	1	1	1
../test_instances/final/random_ER/random_22_2_0.dimacs	3600.00	22	22	unsolved	0	44519818	7	4	29	25	0	2	true	1	1	1
../test_instances/final/random_ER/random_22_2_1.dimacs	3600.00	22	22	unsolved	0	52702304	6	3	24	22	1	2	true	1	1	1
../test_instances/final/random_ER/random_22_3_0.dimacs	3600.00	22	22	unsolved	0	37867458	6	6	35	35	0	2	true	1	1	1
../test_instances/final/random_ER/random_22_3_1.dimacs	3600.00	22	22	unsolved	0	47514904	7	4	29	29	0	2	true	1	1	1
../test_instances/final/random_ER/random_22_4_0.dimacs	3600.00	22	22	unsolved	0	37148760	6	6	27	27	0	2	true	1	1	1
../test_instances/final/random_ER/random_22_4_1.dimacs	3600.00	22	22	unsolved	0	34131484	6	6	31	31	0	2	true	1	1	1
../test_instances/final/random_ER/random_22_5_0.dimacs	3600.00	22	22	unsolved	0	37713837	5	8	36	36	0	2	true	1	1	1
../test_instances/final/random_ER/random_22_5_1.dimacs	3600.00	22	22	unsolved	0	32289877	6	8	32	32	0	2	true	1	1	1
../test_instances/final/random_ER/random_22_6_0.dimacs	3600.00	22	22	unsolved	0	43253961	5	9	34	34	0	2	true	1	1	1
../test_instances/final/random_ER/random_22_6_1.dimacs	3600.00	22	22	unsolved	0	35724483	6	9	35	35	0	2	true	1	1	1
../test_instances/final/random_ER/random_22_7_0.dimacs	3600.00	22	22	unsolved	0	38227100	6	12	35	35	0	2	true	1	1	1
../test_instances/final/random_ER/random_22_7_1.dimacs	3600.00	22	22	unsolved	0	39713065	5	11	28	28	0	2	true	1	1	1
../test_instances/final/random_ER/random_22_8_0.dimacs	30.56	22	22	21	1	250791	5	14	21	21	0	2	true	1	1	1
../test_instances/final/random_ER/random_22_8_1.dimacs	3600.00	22	22	unsolved	0	32657619	5	13	25	25	0	2	true	1	1	1
../test_instances/final/random_ER/random_22_9_0.dimacs	0.00	22	0	12	1	0	4	12	12	12	0	2	true	1	1	1
../test_instances/final/random_ER/random_22_9_1.dimacs	0.00	22	0	12	1	0	3	12	12	12	0	2	true	1	1	1
../test_instances/final/random_ER/random_24_1_0.dimacs	0.05	24	19	7	8	1335	4	2	13	7	7	2	true	1	1	1
../test_instances/final/random_ER/random_24_1_1.dimacs	0.85	24	23	10	5	22669	4	2	18	10	10	2	true	1	1	1
../test_instances/final/random_ER/random_24_2_0.dimacs	3600.00	24	24	unsolved	0	50320936	6	3	25	23	1	2	true	1	1	1
../test_instances/final/random_ER/random_24_2_1.dimacs	3600.00	24	23	unsolved	0	54553922	6	3	22	18	2	2	true	1	1	1
../test_instances/final/random_ER/random_24_3_0.dimacs	3600.00	24	24	unsolved	0	40719347	7	4	35	34	0	2	true	1	1	1
../test_instances/final/random_ER/random_24_3_1.dimacs	3600.00	24	24	unsolved	0	32385448	7	6	39	39	0	2	true	1	1	1
../test_instances/final/random_ER/random_24_4_0.dimacs	3600.00	24	24	unsolved	0	29300136	6	6	41	41	0	2	true	1	1	1
../test_instances/final/random_ER/random_24_4_1.dimacs	3600.00	24	24	unsolved	0	30366969	7	6	37	37	0	2	true	1	1	1
../test_instances/final/random_ER/random_24_5_0.dimacs	3600.00	24	24	unsolved	0	26598779	6	10	50	50	0	2	true	1	1	1
../test_instances/final/random_ER/random_24_5_1.dimacs	3600.00	24	24	unsolved	0	30272823	6	8	40	40	0	2	true	1	1	1
../test_instances/final/random_ER/random_24_6_0.dimacs	3600.00	24	24	unsolved	0	31791377	6	10	43	43	0	2	true	1	1	1
../test_instances/final/random_ER/random_24_6_1.dimacs	3600.00	24	24	unsolved	0	27902130	6	11	49	49	0	2	true	1	1	1
../test_instances/final/random_ER/random_24_7_0.dimacs	3600.00	24	24	unsolved	0	24665992	7	12	42	42	0	2	true	1	1	1
../test_instances/final/random_ER/random_24_7_1.dimacs	3600.00	24	24	unsolved	0	33924124	5	13	32	32	0	2	true	1	1	1
../test_instances/final/random_ER/random_24_8_0.dimacs	3600.00	24	24	unsolved	0	24041188	5	14	28	28	0	2	true	1	1	1
../test_instances/final/random_ER/random_24_8_1.dimacs	1471.13	24	24	24	1	12829430	6	14	24	24	0	2	true	1	1	1
../test_instances/final/random_ER/random_24_9_0.dimacs	0.05	24	24	21	1	319	5	18	21	21	0	2	true	1	1	1
../test_instances/final/random_ER/random_24_9_1.dimacs	0.02	24	24	18	1	24	4	17	18	18	0	2	true	1	1	1
../test_instances/final/random_ER/random_26_1_0.dimacs	1520.24	26	23	16	6	26882047	6	2	22	16	2	2	true	1	1	1
../test_instances/final/random_ER/random_26_1_1.dimacs	3.72	26	24	11	7	78674	5	2	21	12	4	2	true	1	1	1
../test_instances/final/random_ER/random_26_2_0.dimacs	3600.00	26	26	unsolved	0	43851907	7	3	32	29	1	2	true	1	1	1
../test_instances/final/random_ER/random_26_2_1.dimacs	3600.00	26	26	unsolved	0	40738302	7	4	33	31	0	2	true	1	1	1
../test_instances/final/random_ER/random_26_3_0.dimacs	3600.00	26	26	unsolved	0	32817631	7	5	41	41	0	2	true	1	1	1
../test_instances/final/random_ER/random_26_3_1.dimacs	3600.00	26	26	unsolved	0	36417736	7	5	47	47	0	2	true	1	1	1
../test_instances/final/random_ER/random_26_4_0.dimacs	3600.00	26	26	unsolved	0	22440200	7	7	52	52	0	2	true	1	1	1
../test_instances/final/random_ER/random_26_4_1.dimacs	3600.00	26	26	unsolved	0	26504796	7	7	50	50	0	2	true	1	1	1
../test_instances/final/random_ER/random_26_5_0.dimacs	3600.00	26	26	unsolved	0	22937530	7	10	56	56	0	2	true	1	1	1
../test_instances/final/random_ER/random_26_5_1.dimacs	3600.00	26	26	unsolved	0	23218254	7	8	52	52	0	2	true	1	1	1
../test_instances/final/random_ER/random_26_6_0.dimacs	3600.00	26	26	unsolved	0	29984024	7	12	57	57	0	2	true	1	1	1
../test_instances/final/random_ER/random_26_6_1.dimacs	3600.00	26	26	unsolved	0	22826783	7	12	54	54	0	2	true	1	1	1
../test_instances/final/random_ER/random_26_7_0.dimacs	3600.00	26	26	unsolved	0	20150063	7	14	45	45	0	2	true	1	1	1
../test_instances/final/random_ER/random_26_7_1.dimacs	3600.00	26	26	unsolved	0	17137048	6	13	42	42	0	2	true	1	1	1
../test_instances/final/random_ER/random_26_8_0.dimacs	3600.00	26	26	unsolved	0	20904726	6	17	36	36	0	2	true	1	1	1
../test_instances/final/random_ER/random_26_8_1.dimacs	3600.00	26	26	unsolved	0	27970883	6	17	32	32	0	2	true	1	1	1
../test_instances/final/random_ER/random_26_9_0.dimacs	0.01	26	0	15	1	0	4	15	15	15	0	2	true	1	1	1
../test_instances/final/random_ER/random_26_9_1.dimacs	0.00	26	0	18	1	0	5	18	18	18	0	2	true	1	1	1
../test_instances/final/random_ER/random_28_1_0.dimacs	103.47	28	28	14	7	2114634	5	2	20	14	9	2	true	1	1	1
../test_instances/final/random_ER/random_28_1_1.dimacs	0.02	28	21	6	11	609	3	3	15	6	9	2	true	1	1	1
../test_instances/final/random_ER/random_28_2_0.dimacs	3600.00	28	28	unsolved	0	38833015	8	4	39	39	0	2	true	1	1	1
../test_instances/final/random_ER/random_28_2_1.dimacs	3600.00	28	28	unsolved	0	47856106	8	3	33	30	1	2	true	1	1	1
../test_instances/final/random_ER/random_28_3_0.dimacs	3600.00	28	28	unsolved	0	27183301	9	6	49	49	0	2	true	1	1	1
../test_instances/final/random_ER/random_28_3_1.dimacs	3600.00	28	28	unsolved	0	25927910	8	6	58	58	0	2	true	1	1	1
../test_instances/final/random_ER/random_28_4_0.dimacs	3600.00	28	28	unsolved	0	19556130	8	8	62	62	0	2	true	1	1	1
../test_instances/final/random_ER/random_28_4_1.dimacs	3600.00	28	28	unsolved	0	21079695	8	7	57	57	0	2	true	1	1	1
../test_instances/final/random_ER/random_28_5_0.dimacs	3600.00	28	28	unsolved	0	19277583	8	10	67	67	0	2	true	1	1	1
../test_instances/final/random_ER/random_28_5_1.dimacs	3600.00	28	28	unsolved	0	19723922	8	10	63	63	0	2	true	1	1	1
../test_instances/final/random_ER/random_28_6_0.dimacs	3600.00	28	28	unsolved	0	19773983	9	11	68	68	0	2	true	1	1	1
../test_instances/final/random_ER/random_28_6_1.dimacs	3600.00	28	28	unsolved	0	20742675	7	12	54	54	0	2	true	1	1	1
../test_instances/final/random_ER/random_28_7_0.dimacs	3600.00	28	28	unsolved	0	24398698	7	15	51	51	0	2	true	1	1	1
../test_instances/final/random_ER/random_28_7_1.dimacs	3600.00	28	28	unsolved	0	17304413	6	16	49	49	0	2	true	1	1	1
../test_instances/final/random_ER/random_28_8_0.dimacs	3600.00	28	28	unsolved	0	15611291	7	19	43	43	0	2	true	1	1	1
../test_instances/final/random_ER/random_28_8_1.dimacs	3600.00	28	28	unsolved	0	17225883	7	18	43	43	0	2	true	1	1	1
../test_instances/final/random_ER/random_28_9_0.dimacs	1.98	28	28	26	1	12814	6	21	26	26	0	2	true	1	1	1
../test_instances/final/random_ER/random_28_9_1.dimacs	0.31	28	28	26	1	1509	5	22	26	26	0	2	true	1	1	1
../test_instances/final/random_ER/random_30_1_0.dimacs	19.50	30	25	12	9	430080	6	2	23	13	5	2	true	1	1	1
../test_instances/final/random_ER/random_30_1_1.dimacs	11.79	30	27	12	9	231471	5	2	22	12	6	2	true	1	1	1
../test_instances/final/random_ER/random_30_2_0.dimacs	3600.00	30	29	unsolved	0	40564241	9	3	41	35	0	2	true	1	1	1
../test_instances/final/random_ER/random_30_2_1.dimacs	3600.00	30	30	unsolved	0	30915004	8	4	40	40	0	2	true	1	1	1
../test_instances/final/random_ER/random_30_3_0.dimacs	3600.00	30	30	unsolved	0	25512339	8	6	63	63	0	2	true	1	1	1
../test_instances/final/random_ER/random_30_3_1.dimacs	3600.00	30	30	unsolved	0	27607797	9	6	69	68	0	2	true	1	1	1
../test_instances/final/random_ER/random_30_4_0.dimacs	3600.00	30	30	unsolved	0	15996114	8	9	76	76	0	2	true	1	1	1
../test_instances/final/random_ER/random_30_4_1.dimacs	3600.00	30	30	unsolved	0	19630772	9	9	77	77	0	2	true	1	1	1
../test_instances/final/random_ER/random_30_5_0.dimacs	3600.00	30	30	unsolved	0	15629436	9	11	71	71	0	2	true	1	1	1
../test_instances/final/random_ER/random_30_5_1.dimacs	3600.00	30	30	unsolved	0	17703481	9	11	78	78	0	2	true	1	1	1
../test_instances/final/random_ER/random_30_6_0.dimacs	3600.00	30	30	unsolved	0	17626626	8	14	66	66	0	2	true	1	1	1
../test_instances/final/random_ER/random_30_6_1.dimacs	3600.00	30	30	unsolved	0	17599788	8	13	75	75	0	2	true	1	1	1
../test_instances/final/random_ER/random_30_7_0.dimacs	3600.00	30	30	unsolved	0	16304152	8	16	59	59	0	2	true	1	1	1
../test_instances/final/random_ER/random_30_7_1.dimacs	3600.00	30	30	unsolved	0	25528335	8	15	73	73	0	2	true	1	1	1
../test_instances/final/random_ER/random_30_8_0.dimacs	3600.00	30	30	unsolved	0	20878099	7	18	48	48	0	2	true	1	1	1
../test_instances/final/random_ER/random_30_8_1.dimacs	3600.00	30	30	unsolved	0	22582043	7	18	49	49	0	2	true	1	1	1
../test_instances/final/random_ER/random_30_9_0.dimacs	3600.00	30	30	unsolved	0	18051492	6	22	33	33	0	2	true	1	1	1
../test_instances/final/random_ER/random_30_9_1.dimacs	1901.94	30	30	31	1	9042773	6	22	31	31	0	2	true	1	1	1
../test_instances/final/random_SBM/sbm_10_1_80_20.dimacs	0.00	10	0	4	1	0	2	4	4	4	0	2	true	1	1	1
../test_instances/final/random_SBM/sbm_10_1_88_12.dimacs	0.00	10	0	2	1	0	1	2	2	2	0	2	true	1	1	1
../test_instances/final/random_SBM/sbm_10_1_95_5.dimacs	0.00	10	0	1	1	0	1	1	1	1	0	2	true	1	1	1
../test_instances/final/random_SBM/sbm_10_2_80_20.dimacs	0.01	10	10	4	2	47	2	2	4	4	1	2	true	1	1	1
../test_instances/final/random_SBM/sbm_10_2_88_12.dimacs	0.00	10	0	1	3	0	1	1	1	1	0	2	true	1	1	1
../test_instances/final/random_SBM/sbm_10_2_95_5.dimacs	0.00	10	0	1	2	0	1	1	1	1	0	2	true	1	1	1
../test_instances/final/random_SBM/sbm_10_3_80_20.dimacs	0.00	10	10	4	3	38	2	2	4	4	3	2	true	1	1	1
../test_instances/final/random_SBM/sbm_10_3_88_12.dimacs	0.01	10	10	5	2	132	3	3	6	5	0	2	true	1	1	1
../test_instances/final/random_SBM/sbm_10_3_95_5.dimacs	0.00	10	0	3	2	0	2	3	3	3	0	2	true	1	1	1
../test_instances/final/random_SBM/sbm_10_4_80_20.dimacs	0.00	10	10	4	2	26	3	2	4	4	2	2	true	1	1	1
../test_instances/final/random_SBM/sbm_10_4_88_12.dimacs	0.00	10	10	3	1	7	1	2	3	3	1	2	true	1	1	1
../test_instances/final/random_SBM/sbm_10_4_95_5.dimacs	0.00	10	10	2	3	0	2	1	3	2	0	2	true	1	1	1
../test_instances/final/random_SBM/sbm_10_5_80_20.dimacs	0.00	10	10	3	2	7	1	2	3	3	3	2	true	1	1	1
../test_instances/final/random_SBM/sbm_10_5_88_12.dimacs	0.00	10	10	2	3	0	1	2	5	2	0	2	true	1	1	1
../test_instances/final/random_SBM/sbm_10_5_95_5.dimacs	0.00	10	0	1	5	0	1	1	1	1	0	2	true	1	1	1
../test_instances/final/random_SBM/sbm_10_6_80_20.dimacs	0.00	10	9	3	2	20	2	1	3	3	2	2	true	1	1	1
../test_instances/final/random_SBM/sbm_10_6_88_12.dimacs	0.00	10	10	2	2	0	1	2	4	2	0	2	true	1	1	1
../test_instances/final/random_SBM/sbm_10_6_95_5.dimacs	0.00	10	7	2	5	7	1	1	2	2	3	2	true	1	1	1
../test_instances/final/random_SBM/sbm_12_1_80_20.dimacs	0.01	12	12	5	1	7	3	4	5	5	0	2	true	1	1	1
../test_instances/final/random_SBM/sbm_12_1_88_12.dimacs	0.00	12	0	3	1	0	2	3	3	3	0	2	true	1	1	1
../test_instances/final/random_SBM/sbm_12_1_95_5.dimacs	0.00	12	0	0	1	0	0	0	0	0	0	2	true	1	1	1
../test_instances/final/random_SBM/sbm_12_2_80_20.dimacs	0.02	12	12	6	2	303	2	4	6	6	2	2	true	1	1	1
../test_instances/final/random_SBM/sbm_12_2_88_12.dimacs	0.00	12	12	2	2	0	2	1	2	2	0	2	true	1	1	1
../test_instances/final/random_SBM/sbm_12_2_95_5.dimacs	0.00	12	10	1	4	0	1	1	4	1	0	2	true	1	1	1
../test_instances/final/random_SBM/sbm_12_3_80_20.dimacs	0.01	12	12	4	2	7	3	3	6	4	1	2	true	1	1	1
../test_instances/final/random_SBM/sbm_12_3_88_12.dimacs	0.14	12	12	8	2	5742	3	3	8	8	0	2	true	1	1	1
../test_instances/final/random_SBM/sbm_12_3_95_5.dimacs	0.00	12	0	1	4	0	1	1	1	1	0	2	true	1	1	1
../test_instances/final/random_SBM/sbm_12_4_80_20.dimacs	0.01	12	12	6	3	188	3	3	6	6	2	2	true	1	1	1
../test_instances/final/random_SBM/sbm_12_4_88_12.dimacs	0.02	12	12	6	3	581	3	2	9	6	0	2	true	1	1	1
../test_instances/final/random_SBM/sbm_12_4_95_5.dimacs	0.00	12	9	2	3	0	1	2	4	2	0	2	true	1	1	1
../test_instances/final/random_SBM/sbm_12_5_80_20.dimacs	0.20	12	12	8	2	6125	3	4	8	8	0	2	true	1	1	1
../test_instances/final/random_SBM/sbm_12_5_88_12.dimacs	0.01	12	11	4	4	46	2	2	5	4	3	2	true	1	1	1
../test_instances/final/random_SBM/sbm_12_5_95_5.dimacs	0.00	12	0	1	3	0	1	1	1	1	0	2	true	1	1	1
../test_instances/final/random_SBM/sbm_12_6_80_20.dimacs	0.01	12	10	2	4	7	1	1	2	2	6	2	true	1	1	1
../test_instances/final/random_SBM/sbm_12_6_88_12.dimacs	0.00	12	9	2	4	0	2	2	5	2	0	2	true	1	1	1
../test_instances/final/random_SBM/sbm_12_6_95_5.dimacs	0.00	12	0	0	3	0	0	0	0	0	0	2	true	1	1	1
../test_instances/final/random_SBM/sbm_14_1_80_20.dimacs	0.01	14	14	4	4	36	2	1	4	4	8	2	true	1	1	1
../test_instances/final/random_SBM/sbm_14_1_88_12.dimacs	0.00	14	11	2	5	9	1	1	2	2	6	2	true	1	1	1
../test_instances/final/random_SBM/sbm_14_1_95_5.dimacs	0.00	14	0	1	1	0	1	1	1	1	0	2	true	1	1	1
../test_instances/final/random_SBM/sbm_14_2_80_20.dimacs	1.14	14	14	10	2	31824	3	3	11	10	0	2	true	1	1	1
../test_instances/final/random_SBM/sbm_14_2_88_12.dimacs	0.01	14	13	5	4	121	2	2	7	5	4	2	true	1	1	1
../test_instances/final/random_SBM/sbm_14_2_95_5.dimacs	0.02	14	14	7	2	217	2	4	15	7	0	2	true	1	1	1
../test_instances/final/random_SBM/sbm_14_3_80_20.dimacs	44.29	14	14	13	2	1212982	3	3	14	13	0	2	true	1	1	1
../test_instances/final/random_SBM/sbm_14_3_88_12.dimacs	0.01	14	12	3	4	20	1	2	5	3	4	2	true	1	1	1
../test_instances/final/random_SBM/sbm_14_3_95_5.dimacs	0.01	14	14	5	3	73	2	4	10	5	3	2	true	1	1	1
../test_instances/final/random_SBM/sbm_14_4_80_20.dimacs	11.78	14	14	12	1	297194	3	4	12	12	0	2	true	1	1	1
../test_instances/final/random_SBM/sbm_14_4_88_12.dimacs	0.02	14	14	6	2	310	3	3	8	6	0	2	true	1	1	1
../test_instances/final/random_SBM/sbm_14_4_95_5.dimacs	0.01	14	13	3	5	6	2	1	4	3	6	2	true	1	1	1
../test_instances/final/random_SBM/sbm_14_5_80_20.dimacs	1.50	14	14	10	3	47772	3	3	11	10	1	2	true	1	1	1
../test_instances/final/random_SBM/sbm_14_5_88_12.dimacs	0.13	14	14	8	2	3909	4	4	10	8	2	2	true	1	1	1
../test_instances/final/random_SBM/sbm_14_5_95_5.dimacs	0.01	14	11	4	4	58	2	2	4	4	2	2	true	1	1	1
../test_instances/final/random_SBM/sbm_14_6_80_20.dimacs	0.34	14	14	9	2	11754	3	3	9	9	2	2	true	1	1	1
../test_instances/final/random_SBM/sbm_14_6_88_12.dimacs	0.04	14	14	7	3	1101	3	2	10	7	3	2	true	1	1	1
../test_instances/final/random_SBM/sbm_14_6_95_5.dimacs	0.00	14	12	3	6	9	2	1	6	3	4	2	true	1	1	1
../test_instances/final/random_SBM/sbm_16_1_80_20.dimacs	3.71	16	16	13	1	56964	4	7	13	13	0	2	true	1	1	1
../test_instances/final/random_SBM/sbm_16_1_88_12.dimacs	0.04	16	15	7	2	877	3	3	7	7	1	2	true	1	1	1
../test_instances/final/random_SBM/sbm_16_1_95_5.dimacs	0.00	16	0	4	1	0	2	4	4	4	0	2	true	1	1	1
../test_instances/final/random_SBM/sbm_16_2_80_20.dimacs	3061.36	16	16	17	1	56855304	4	6	17	17	0	2	true	1	1	1
../test_instances/final/random_SBM/sbm_16_2_88_12.dimacs	0.02	16	16	6	4	349	3	2	7	6	6	2	true	1	1	1
../test_instances/final/random_SBM/sbm_16_2_95_5.dimacs	0.02	16	16	6	2	152	3	3	13	6	0	2	true	1	1	1
../test_instances/final/random_SBM/sbm_16_3_80_20.dimacs	3600.00	16	16	unsolved	0	69884694	4	4	17	17	0	2	true	1	1	1
../test_instances/final/random_SBM/sbm_16_3_88_12.dimacs	4.79	16	16	11	3	110777	3	3	12	11	0	2	true	1	1	1
../test_instances/final/random_SBM/sbm_16_3_95_5.dimacs	0.01	16	15	4	3	45	2	1	10	4	1	2	true	1	1	1
../test_instances/final/random_SBM/sbm_16_4_80_20.dimacs	50.82	16	16	13	2	1187813	4	3	13	13	0	2	true	1	1	1
../test_instances/final/random_SBM/sbm_16_4_88_12.dimacs	0.28	16	15	9	4	7292	3	3	10	9	2	2	true	1	1	1
../test_instances/final/random_SBM/sbm_16_4_95_5.dimacs	0.02	16	16	6	4	312	3	4	13	6	0	2	true	1	1	1
../test_instances/final/random_SBM/sbm_16_5_80_20.dimacs	4.74	16	16	11	3	114476	5	3	13	11	0	2	true	1	1	1
../test_instances/final/random_SBM/sbm_16_5_88_12.dimacs	2.68	16	16	11	2	56156	3	6	14	11	0	2	true	1	1	1
../test_instances/final/random_SBM/sbm_16_5_95_5.dimacs	0.01	16	16	4	3	46	2	2	10	4	4	2	true	1	1	1
../test_instances/final/random_SBM/sbm_16_6_80_20.dimacs	3600.00	16	16	unsolved	0	68267208	4	4	17	17	0	2	true	1	1	1
../test_instances/final/random_SBM/sbm_16_6_88_12.dimacs	0.08	16	16	8	4	1687	3	4	10	8	4	2	true	1	1	1
../test_instances/final/random_SBM/sbm_16_6_95_5.dimacs	0.01	16	15	5	5	14	4	4	10	5	3	2	true	1	1	1
../test_instances/final/random_SBM/sbm_18_1_80_20.dimacs	0.22	18	18	12	1	2619	3	8	12	12	0	2	true	1	1	1
../test_instances/final/random_SBM/sbm_18_1_88_12.dimacs	0.05	18	18	11	1	588	4	8	11	11	0	2	true	1	1	1
../test_instances/final/random_SBM/sbm_18_1_95_5.dimacs	0.00	18	0	5	1	0	2	5	5	5	0	2	true	1	1	1
../test_instances/final/random_SBM/sbm_18_2_80_20.dimacs	3600.00	18	18	unsolved	0	56087657	5	6	20	20	0	2	true	1	1	1
../test_instances/final/random_SBM/sbm_18_2_88_12.dimacs	0.05	18	18	7	2	827	3	2	7	7	1	2	true	1	1	1
../test_instances/final/random_SBM/sbm_18_2_95_5.dimacs	0.05	18	18	7	2	1193	3	3	9	7	1	2	true	1	1	1
../test_instances/final/random_SBM/sbm_18_3_80_20.dimacs	151.85	18	17	14	3	3032110	4	3	15	14	0	2	true	1	1	1
../test_instances/final/random_SBM/sbm_18_3_88_12.dimacs	0.31	18	17	9	4	7583	4	3	14	9	3	2	true	1	1	1
../test_instances/final/random_SBM/sbm_18_3_95_5.dimacs	0.87	18	18	10	3	13026	4	6	24	10	0	2	true	1	1	1
../test_instances/final/random_SBM/sbm_18_4_80_20.dimacs	3600.00	18	18	unsolved	0	56633777	4	4	19	19	0	2	true	1	1	1
../test_instances/final/random_SBM/sbm_18_4_88_12.dimacs	123.14	18	18	14	1	1919591	4	4	14	14	0	2	true	1	1	1
../test_instances/final/random_SBM/sbm_18_4_95_5.dimacs	0.01	18	18	5	4	64	3	2	9	5	5	2	true	1	1	1
../test_instances/final/random_SBM/sbm_18_5_80_20.dimacs	3600.00	18	18	unsolved	0	57211640	4	5	23	23	0	2	true	1	1	1
../test_instances/final/random_SBM/sbm_18_5_88_12.dimacs	32.46	18	18	13	2	641755	5	3	16	13	0	2	true	1	1	1
../test_instances/final/random_SBM/sbm_18_5_95_5.dimacs	0.11	18	18	8	3	1527	4	4	13	8	1	2	true	1	1	1
../test_instances/final/random_SBM/sbm_18_6_80_20.dimacs	3600.00	18	18	unsolved	0	62757295	5	4	19	17	1	2	true	1	1	1
../test_instances/final/random_SBM/sbm_18_6_88_12.dimacs	10.83	18	16	12	3	259966	4	3	15	12	1	2	true	1	1	1
../test_instances/final/random_SBM/sbm_18_6_95_5.dimacs	0.23	18	18	9	4	4318	4	4	16	9	3	2	true	1	1	1
../test_instances/final/random_SBM/sbm_20_1_80_20.dimacs	3600.00	20	20	unsolved	0	52504564	5	4	19	19	0	2	true	1	1	1
../test_instances/final/random_SBM/sbm_20_1_88_12.dimacs	394.83	20	20	17	1	4882120	5	8	17	17	0	2	true	1	1	1
../test_instances/final/random_SBM/sbm_20_1_95_5.dimacs	0.00	20	20	4	1	18	3	3	4	4	3	2	true	1	1	1
../test_instances/final/random_SBM/sbm_20_2_80_20.dimacs	3600.00	20	20	unsolved	0	42386655	4	8	25	23	0	2	true	1	1	1
../test_instances/final/random_SBM/sbm_20_2_88_12.dimacs	3600.00	20	20	unsolved	0	45630972	4	4	19	19	0	2	true	1	1	1
../test_instances/final/random_SBM/sbm_20_2_95_5.dimacs	12.41	20	20	12	2	194762	6	4	14	12	0	2	true	1	1	1
../test_instances/final/random_SBM/sbm_20_3_80_20.dimacs	3600.00	20	20	unsolved	0	42375116	5	5	25	20	0	2	true	1	1	1
../test_instances/final/random_SBM/sbm_20_3_88_12.dimacs	3600.00	20	20	unsolved	0	40349414	5	5	25	20	0	2	true	1	1	1
../test_instances/final/random_SBM/sbm_20_3_95_5.dimacs	0.02	20	19	6	4	139	3	3	13	6	1	2	true	1	1	1
../test_instances/final/random_SBM/sbm_20_4_80_20.dimacs	3600.00	20	20	unsolved	0	44122394	6	5	25	25	0	2	true	1	1	1
../test_instances/final/random_SBM/sbm_20_4_88_12.dimacs	209.96	20	20	14	2	3498849	3	4	15	14	2	2	true	1	1	1
../test_instances/final/random_SBM/sbm_20_4_95_5.dimacs	1.05	20	19	10	5	16640	5	4	18	10	1	2	true	1	1	1
../test_instances/final/random_SBM/sbm_20_5_80_20.dimacs	3600.00	20	20	unsolved	0	49706427	5	4	24	24	0	2	true	1	1	1
../test_instances/final/random_SBM/sbm_20_5_88_12.dimacs	3394.20	20	20	17	4	59725357	6	3	19	17	2	2	true	1	1	1
../test_instances/final/random_SBM/sbm_20_5_95_5.dimacs	0.19	20	20	8	4	2885	3	4	15	8	2	2	true	1	1	1
../test_instances/final/random_SBM/sbm_20_6_80_20.dimacs	3600.00	20	20	unsolved	0	49146565	6	4	25	25	1	2	true	1	1	1
../test_instances/final/random_SBM/sbm_20_6_88_12.dimacs	3600.00	20	20	unsolved	0	52161649	5	4	19	18	0	2	true	1	1	1
../test_instances/final/random_SBM/sbm_20_6_95_5.dimacs	0.05	20	20	7	4	700	4	2	16	7	2	2	true	1	1	1
../test_instances/final/random_SBM/sbm_22_1_80_20.dimacs	3600.00	22	22	unsolved	0	30921385	5	8	25	25	0	2	true	1	1	1
../test_instances/final/random_SBM/sbm_22_1_88_12.dimacs	723.85	22	22	15	1	9133619	5	4	15	15	0	2	true	1	1	1
../test_instances/final/random_SBM/sbm_22_1_95_5.dimacs	0.02	22	22	8	1	44	3	6	8	8	0	2	true	1	1	1
../test_instances/final/random_SBM/sbm_22_2_80_20.dimacs	3600.00	22	22	unsolved	0	32562530	6	7	31	31	0	2	true	1	1	1
../test_instances/final/random_SBM/sbm_22_2_88_12.dimacs	3600.00	22	22	unsolved	0	34873342	5	6	31	21	0	2	true	1	1	1
../test_instances/final/random_SBM/sbm_22_2_95_5.dimacs	8.39	22	22	12	2	101341	5	4	20	12	1	2	true	1	1	1
../test_instances/final/random_SBM/sbm_22_3_80_20.dimacs	3600.00	22	22	unsolved	0	38098808	7	5	29	27	0	2	true	1	1	1
../test_instances/final/random_SBM/sbm_22_3_88_12.dimacs	3600.00	22	22	unsolved	0	41079860	5	4	26	22	0	2	true	1	1	1
../test_instances/final/random_SBM/sbm_22_3_95_5.dimacs	0.21	22	22	9	3	2285	3	4	29	9	0	2	true	1	1	1
../test_instances/final/random_SBM/sbm_22_4_80_20.dimacs	3600.00	22	22	unsolved	0	41339723	6	5	26	26	2	2	true	1	1	1
../test_instances/final/random_SBM/sbm_22_4_88_12.dimacs	3600.00	22	22	unsolved	0	39407539	6	4	25	24	0	2	true	1	1	1
../test_instances/final/random_SBM/sbm_22_4_95_5.dimacs	0.03	22	21	7	5	244	4	5	17	7	3	2	true	1	1	1
../test_instances/final/random_SBM/sbm_22_5_80_20.dimacs	3600.00	22	22	unsolved	0	39953566	5	4	26	22	0	2	true	1	1	1
../test_instances/final/random_SBM/sbm_22_5_88_12.dimacs	3600.00	22	22	unsolved	0	43303498	6	4	25	23	0	2	true	1	1	1
../test_instances/final/random_SBM/sbm_22_5_95_5.dimacs	10.17	22	22	12	5	162494	4	6	21	12	4	2	true	1	1	1
../test_instances/final/random_SBM/sbm_22_6_80_20.dimacs	3600.00	22	22	unsolved	0	37086009	6	5	27	27	0	2	true	1	1	1
../test_instances/final/random_SBM/sbm_22_6_88_12.dimacs	3600.00	22	22	unsolved	0	50935235	5	4	23	22	2	2	true	1	1	1
../test_instances/final/random_SBM/sbm_22_6_95_5.dimacs	2.53	22	22	11	6	35452	5	5	21	11	4	2	true	1	1	1
../test_instances/final/random_SBM/sbm_24_1_80_20.dimacs	3600.00	24	24	unsolved	0	42992121	6	4	25	25	1	2	true	1	1	1
../test_instances/final/random_SBM/sbm_24_1_88_12.dimacs	140.04	24	24	16	1	1013600	5	8	16	16	0	2	true	1	1	1
../test_instances/final/random_SBM/sbm_24_1_95_5.dimacs	0.24	24	24	9	1	2653	5	4	9	9	0	2	true	1	1	1
../test_instances/final/random_SBM/sbm_24_2_80_20.dimacs	3600.00	24	24	unsolved	0	27574994	6	7	42	42	0	2	true	1	1	1
../test_instances/final/random_SBM/sbm_24_2_88_12.dimacs	3600.00	24	24	unsolved	0	27510446	7	8	45	32	0	2	true	1	1	1
../test_instances/final/random_SBM/sbm_24_2_95_5.dimacs	2.71	24	24	12	2	25016	6	6	30	12	0	2	true	1	1	1
../test_instances/final/random_SBM/sbm_24_3_80_20.dimacs	3600.00	24	24	unsolved	0	30123303	6	6	44	44	0	2	true	1	1	1
../test_instances/final/random_SBM/sbm_24_3_88_12.dimacs	3600.00	24	24	unsolved	0	39926740	5	4	22	20	1	2	true	1	1	1
../test_instances/final/random_SBM/sbm_24_3_95_5.dimacs	0.31	24	24	10	3	2955	4	6	35	10	0	2	true	1	1	1
../test_instances/final/random_SBM/sbm_24_4_80_20.dimacs	3600.00	24	24	unsolved	0	34799545	6	6	39	39	0	2	true	1	1	1
../test_instances/final/random_SBM/sbm_24_4_88_12.dimacs	3600.00	24	24	unsolved	0	38937970	6	5	32	32	0	2	true	1	1	1
../test_instances/final/random_SBM/sbm_24_4_95_5.dimacs	1.64	24	24	11	4	18353	4	6	23	11	3	2	true	1	1	1
../test_instances/final/random_SBM/sbm_24_5_80_20.dimacs	3600.00	24	24	unsolved	0	33885928	7	5	34	34	0	2	true	1	1	1
../test_instances/final/random_SBM/sbm_24_5_88_12.dimacs	3600.00	24	24	unsolved	0	39634725	6	4	33	32	0	2	true	1	1	1
../test_instances/final/random_SBM/sbm_24_5_95_5.dimacs	1.84	24	23	11	5	19734	6	3	31	11	1	2	true	1	1	1
../test_instances/final/random_SBM/sbm_24_6_80_20.dimacs	3600.00	24	24	unsolved	0	36159807	7	5	31	31	0	2	true	1	1	1
../test_instances/final/random_SBM/sbm_24_6_88_12.dimacs	3600.00	24	24	unsolved	0	40761471	8	4	35	28	0	2	true	1	1	1
../test_instances/final/random_SBM/sbm_24_6_95_5.dimacs	2.74	24	24	11	6	31796	6	2	26	11	1	2	true	1	1	1
../test_instances/final/random_SBM/sbm_26_1_80_20.dimacs	3600.00	26	26	unsolved	0	34784553	7	5	34	34	0	2	true	1	1	1
../test_instances/final/random_SBM/sbm_26_1_88_12.dimacs	3600.00	26	26	unsolved	0	37363526	7	4	24	24	0	2	true	1	1	1
../test_instances/final/random_SBM/sbm_26_1_95_5.dimacs	0.00	26	0	10	1	0	4	10	10	10	0	2	true	1	1	1
../test_instances/final/random_SBM/sbm_26_2_80_20.dimacs	3600.00	26	26	unsolved	0	27846414	7	6	37	37	0	2	true	1	1	1
../test_instances/final/random_SBM/sbm_26_2_88_12.dimacs	3600.00	26	26	unsolved	0	32100361	6	4	34	30	0	2	true	1	1	1
../test_instances/final/random_SBM/sbm_26_2_95_5.dimacs	3600.00	26	26	unsolved	0	32003763	5	5	26	17	1	2	true	1	1	1
../test_instances/final/random_SBM/sbm_26_3_80_20.dimacs	3600.00	26	26	unsolved	0	29984188	7	5	43	43	0	2	true	1	1	1
../test_instances/final/random_SBM/sbm_26_3_88_12.dimacs	3600.00	26	26	unsolved	0	28343494	7	5	45	37	0	2	true	1	1	1
../test_instances/final/random_SBM/sbm_26_3_95_5.dimacs	1.43	26	26	12	3	11259	5	8	46	12	0	2	true	1	1	1
../test_instances/final/random_SBM/sbm_26_4_80_20.dimacs	3600.00	26	26	unsolved	0	29151914	8	6	44	44	0	2	true	1	1	1
../test_instances/final/random_SBM/sbm_26_4_88_12.dimacs	3600.00	26	26	unsolved	0	25398815	7	9	40	30	1	2	true	1	1	1
../test_instances/final/random_SBM/sbm_26_4_95_5.dimacs	883.74	26	26	17	4	6754797	6	8	39	17	0	2	true	1	1	1
../test_instances/final/random_SBM/sbm_26_5_80_20.dimacs	3600.00	26	26	unsolved	0	28050625	8	6	46	46	0	2	true	1	1	1
../test_instances/final/random_SBM/sbm_26_5_88_12.dimacs	3600.00	26	26	unsolved	0	35234774	7	9	39	33	0	2	true	1	1	1
../test_instances/final/random_SBM/sbm_26_5_95_5.dimacs	400.06	26	25	15	6	5248319	6	6	24	15	2	2	true	1	1	1
../test_instances/final/random_SBM/sbm_26_6_80_20.dimacs	3600.00	26	26	unsolved	0	37173762	8	5	44	42	0	2	true	1	1	1
../test_instances/final/random_SBM/sbm_26_6_88_12.dimacs	3600.00	26	26	unsolved	0	37244326	7	4	32	30	0	2	true	1	1	1
../test_instances/final/random_SBM/sbm_26_6_95_5.dimacs	0.06	26	25	8	6	558	3	5	19	8	7	2	true	1	1	1
../test_instances/final/random_SBM/sbm_28_1_80_20.dimacs	3600.00	28	28	unsolved	0	18840653	8	8	38	38	0	2	true	1	1	1
../test_instances/final/random_SBM/sbm_28_1_88_12.dimacs	3600.00	28	28	unsolved	0	26999760	6	5	25	25	0	2	true	1	1	1
../test_instances/final/random_SBM/sbm_28_1_95_5.dimacs	0.03	28	28	11	1	95	6	9	11	11	0	2	true	1	1	1
../test_instances/final/random_SBM/sbm_28_2_80_20.dimacs	3600.00	28	28	unsolved	0	19053626	7	10	65	52	0	2	true	1	1	1
../test_instances/final/random_SBM/sbm_28_2_88_12.dimacs	3600.00	28	28	unsolved	0	30543712	8	9	27	24	3	2	true	1	1	1
../test_instances/final/random_SBM/sbm_28_2_95_5.dimacs	19.18	28	28	12	2	225760	4	4	20	12	2	2	true	1	1	1
../test_instances/final/random_SBM/sbm_28_3_80_20.dimacs	3600.00	28	28	unsolved	0	24838011	8	7	61	61	0	2	true	1	1	1
../test_instances/final/random_SBM/sbm_28_3_88_12.dimacs	3600.00	28	28	unsolved	0	29728566	8	5	34	33	1	2	true	1	1	1
../test_instances/final/random_SBM/sbm_28_3_95_5.dimacs	3600.00	28	28	unsolved	0	24395052	6	7	30	19	0	2	true	1	1	1
../test_instances/final/random_SBM/sbm_28_4_80_20.dimacs	3600.00	28	28	unsolved	0	27045315	7	5	49	44	0	2	true	1	1	1
../test_instances/final/random_SBM/sbm_28_4_88_12.dimacs	3600.00	28	28	unsolved	0	25679595	7	10	46	37	0	2	true	1	1	1
../test_instances/final/random_SBM/sbm_28_4_95_5.dimacs	1854.30	28	28	17	4	14116724	7	4	38	17	1	2	true	1	1	1
../test_instances/final/random_SBM/sbm_28_5_80_20.dimacs	3600.00	28	28	unsolved	0	28324712	9	6	56	50	0	2	true	1	1	1
../test_instances/final/random_SBM/sbm_28_5_88_12.dimacs	3600.00	28	28	unsolved	0	29556294	8	5	45	37	0	2	true	1	1	1
../test_instances/final/random_SBM/sbm_28_5_95_5.dimacs	3600.00	28	28	unsolved	0	34495555	7	7	31	18	1	2	true	1	1	1
../test_instances/final/random_SBM/sbm_28_6_80_20.dimacs	3600.00	28	28	unsolved	0	32170482	8	5	46	42	0	2	true	1	1	1
../test_instances/final/random_SBM/sbm_28_6_88_12.dimacs	3600.00	28	28	unsolved	0	31881201	8	10	48	41	0	2	true	1	1	1
../test_instances/final/random_SBM/sbm_28_6_95_5.dimacs	62.82	28	28	14	5	663514	7	7	28	14	6	2	true	1	1	1
../test_instances/final/random_SBM/sbm_30_1_80_20.dimacs	3600.00	30	30	unsolved	0	16768508	9	8	46	46	0	2	true	1	1	1
../test_instances/final/random_SBM/sbm_30_1_88_12.dimacs	3600.00	30	30	unsolved	0	10322090	7	15	31	31	0	2	true	1	1	1
../test_instances/final/random_SBM/sbm_30_1_95_5.dimacs	1963.74	30	29	16	4	22919312	6	3	16	16	2	2	true	1	1	1
../test_instances/final/random_SBM/sbm_30_2_80_20.dimacs	3600.00	30	30	unsolved	0	29290184	8	5	41	41	0	2	true	1	1	1
../test_instances/final/random_SBM/sbm_30_2_88_12.dimacs	3600.00	30	30	unsolved	0	15404891	8	11	55	33	0	2	true	1	1	1
../test_instances/final/random_SBM/sbm_30_2_95_5.dimacs	0.11	30	30	9	3	630	7	5	25	9	2	2	true	1	1	1
../test_instances/final/random_SBM/sbm_30_3_80_20.dimacs	3600.00	30	30	unsolved	0	22408858	8	8	68	68	0	2	true	1	1	1
../test_instances/final/random_SBM/sbm_30_3_88_12.dimacs	3600.00	30	30	unsolved	0	22759082	7	10	40	36	0	2	true	1	1	1
../test_instances/final/random_SBM/sbm_30_3_95_5.dimacs	2381.56	30	27	17	7	27605258	5	3	23	17	3	2	true	1	1	1
../test_instances/final/random_SBM/sbm_30_4_80_20.dimacs	3600.00	30	30	unsolved	0	23221618	9	6	53	53	0	2	true	1	1	1
../test_instances/final/random_SBM/sbm_30_4_88_12.dimacs	3600.00	30	30	unsolved	0	25133586	8	7	65	56	1	2	true	1	1	1
../test_instances/final/random_SBM/sbm_30_4_95_5.dimacs	3600.00	30	30	unsolved	0	15755969	6	7	51	22	0	2	true	1	1	1
../test_instances/final/random_SBM/sbm_30_5_80_20.dimacs	3600.00	30	30	unsolved	0	25211185	9	7	71	71	0	2	true	1	1	1
../test_instances/final/random_SBM/sbm_30_5_88_12.dimacs	3600.00	30	30	unsolved	0	33127036	8	4	48	46	0	2	true	1	1	1
../test_instances/final/random_SBM/sbm_30_5_95_5.dimacs	3600.00	30	30	unsolved	0	29770425	8	8	37	21	0	2	true	1	1	1
../test_instances/final/random_SBM/sbm_30_6_80_20.dimacs	3600.00	30	30	unsolved	0	27300591	8	6	62	60	0	2	true	1	1	1
../test_instances/final/random_SBM/sbm_30_6_88_12.dimacs	3600.00	30	30	unsolved	0	32126231	9	11	47	44	0	2	true	1	1	1
../test_instances/final/random_SBM/sbm_30_6_95_5.dimacs	7.76	30	29	13	8	71022	6	5	30	13	5	2	true	1	1	1
